DriverNumber,Driver,Team,RacePosition,QualiPosition,AvgTemperature,AvgHumidity,AvgPressure,Year,RaceName
55,Carlos Sainz,Ferrari,1.0,1.0,20.0,59.748768472906406,1002.3581280788177,2022,Pre-Season Track Session
11,Sergio Perez,Red Bull Racing,2.0,4.0,20.0,59.748768472906406,1002.3581280788177,2022,Pre-Season Track Session
44,Lewis Hamilton,Mercedes,3.0,5.0,20.0,59.748768472906406,1002.3581280788177,2022,Pre-Season Track Session
16,Charles Leclerc,Ferrari,4.0,3.0,20.0,59.748768472906406,1002.3581280788177,2022,Pre-Season Track Session
14,Fernando Alonso,Alpine,5.0,7.0,20.0,59.748768472906406,1002.3581280788177,2022,Pre-Season Track Session
4,Lando Norris,McLaren,6.0,6.0,20.0,59.748768472906406,1002.3581280788177,2022,Pre-Season Track Session
1,Max Verstappen,Red Bull Racing,7.0,2.0,20.0,59.748768472906406,1002.3581280788177,2022,Pre-Season Track Session
47,Mick Schumacher,Haas F1 Team,8.0,19.0,20.0,59.748768472906406,1002.3581280788177,2022,Pre-Season Track Session
5,Sebastian Vettel,Aston Martin,9.0,18.0,20.0,59.748768472906406,1002.3581280788177,2022,Pre-Season Track Session
20,Kevin Magnussen,Haas F1 Team,10.0,17.0,20.0,59.748768472906406,1002.3581280788177,2022,Pre-Season Track Session
18,Lance Stroll,Aston Martin,11.0,20.0,20.0,59.748768472906406,1002.3581280788177,2022,Pre-Season Track Session
6,Nicholas Latifi,Williams,12.0,10.0,20.0,59.748768472906406,1002.3581280788177,2022,Pre-Season Track Session
3,Daniel Ricciardo,McLaren,13.0,14.0,20.0,59.748768472906406,1002.3581280788177,2022,Pre-Season Track Session
22,Yuki Tsunoda,AlphaTauri,14.0,13.0,20.0,59.748768472906406,1002.3581280788177,2022,Pre-Season Track Session
31,Esteban Ocon,Alpine,15.0,15.0,20.0,59.748768472906406,1002.3581280788177,2022,Pre-Season Track Session
10,Pierre Gasly,AlphaTauri,16.0,11.0,20.0,59.748768472906406,1002.3581280788177,2022,Pre-Season Track Session
77,Valtteri Bottas,Alfa Romeo,17.0,12.0,20.0,59.748768472906406,1002.3581280788177,2022,Pre-Season Track Session
63,George Russell,Mercedes,18.0,8.0,20.0,59.748768472906406,1002.3581280788177,2022,Pre-Season Track Session
24,Guanyu Zhou,Alfa Romeo,19.0,9.0,20.0,59.748768472906406,1002.3581280788177,2022,Pre-Season Track Session
23,Alexander Albon,Williams,20.0,16.0,20.0,59.748768472906406,1002.3581280788177,2022,Pre-Season Track Session
1,Max Verstappen,Red Bull Racing,1.0,3.0,20.0,49.62352941176471,991.1994117647057,2022,Pre-Season Test
44,Lewis Hamilton,Mercedes,2.0,5.0,20.0,49.62352941176471,991.1994117647057,2022,Pre-Season Test
16,Charles Leclerc,Ferrari,3.0,2.0,20.0,49.62352941176471,991.1994117647057,2022,Pre-Season Test
11,Sergio Perez,Red Bull Racing,4.0,4.0,20.0,49.62352941176471,991.1994117647057,2022,Pre-Season Test
63,George Russell,Mercedes,5.0,6.0,20.0,49.62352941176471,991.1994117647057,2022,Pre-Season Test
4,Lando Norris,McLaren,6.0,8.0,20.0,49.62352941176471,991.1994117647057,2022,Pre-Season Test
14,Fernando Alonso,Alpine,7.0,9.0,20.0,49.62352941176471,991.1994117647057,2022,Pre-Season Test
5,Sebastian Vettel,Aston Martin,8.0,12.0,20.0,49.62352941176471,991.1994117647057,2022,Pre-Season Test
20,Kevin Magnussen,Haas F1 Team,9.0,16.0,20.0,49.62352941176471,991.1994117647057,2022,Pre-Season Test
22,Yuki Tsunoda,AlphaTauri,10.0,15.0,20.0,49.62352941176471,991.1994117647057,2022,Pre-Season Test
31,Esteban Ocon,Alpine,11.0,18.0,20.0,49.62352941176471,991.1994117647057,2022,Pre-Season Test
24,Guanyu Zhou,Alfa Romeo,12.0,14.0,20.0,49.62352941176471,991.1994117647057,2022,Pre-Season Test
23,Alexander Albon,Williams,13.0,11.0,20.0,49.62352941176471,991.1994117647057,2022,Pre-Season Test
10,Pierre Gasly,AlphaTauri,14.0,13.0,20.0,49.62352941176471,991.1994117647057,2022,Pre-Season Test
47,Mick Schumacher,Haas F1 Team,15.0,19.0,20.0,49.62352941176471,991.1994117647057,2022,Pre-Season Test
3,Daniel Ricciardo,McLaren,16.0,17.0,20.0,49.62352941176471,991.1994117647057,2022,Pre-Season Test
6,Nicholas Latifi,Williams,17.0,20.0,20.0,49.62352941176471,991.1994117647057,2022,Pre-Season Test
18,Lance Stroll,Aston Martin,18.0,7.0,20.0,49.62352941176471,991.1994117647057,2022,Pre-Season Test
77,Valtteri Bottas,Alfa Romeo,19.0,10.0,20.0,49.62352941176471,991.1994117647057,2022,Pre-Season Test
55,Carlos Sainz,Ferrari,20.0,1.0,20.0,49.62352941176471,991.1994117647057,2022,Pre-Season Test
16,Charles Leclerc,Ferrari,1.0,1.0,20.0,29.49079754601227,1010.3858895705521,2022,Bahrain Grand Prix
55,Carlos Sainz,Ferrari,2.0,3.0,20.0,29.49079754601227,1010.3858895705521,2022,Bahrain Grand Prix
44,Lewis Hamilton,Mercedes,3.0,5.0,20.0,29.49079754601227,1010.3858895705521,2022,Bahrain Grand Prix
63,George Russell,Mercedes,4.0,9.0,20.0,29.49079754601227,1010.3858895705521,2022,Bahrain Grand Prix
20,Kevin Magnussen,Haas F1 Team,5.0,7.0,20.0,29.49079754601227,1010.3858895705521,2022,Bahrain Grand Prix
77,Valtteri Bottas,Alfa Romeo,6.0,6.0,20.0,29.49079754601227,1010.3858895705521,2022,Bahrain Grand Prix
31,Esteban Ocon,Alpine,7.0,11.0,20.0,29.49079754601227,1010.3858895705521,2022,Bahrain Grand Prix
22,Yuki Tsunoda,AlphaTauri,8.0,16.0,20.0,29.49079754601227,1010.3858895705521,2022,Bahrain Grand Prix
14,Fernando Alonso,Alpine,9.0,8.0,20.0,29.49079754601227,1010.3858895705521,2022,Bahrain Grand Prix
24,Guanyu Zhou,Alfa Romeo,10.0,15.0,20.0,29.49079754601227,1010.3858895705521,2022,Bahrain Grand Prix
47,Mick Schumacher,Haas F1 Team,11.0,12.0,20.0,29.49079754601227,1010.3858895705521,2022,Bahrain Grand Prix
18,Lance Stroll,Aston Martin,12.0,19.0,20.0,29.49079754601227,1010.3858895705521,2022,Bahrain Grand Prix
23,Alexander Albon,Williams,13.0,14.0,20.0,29.49079754601227,1010.3858895705521,2022,Bahrain Grand Prix
3,Daniel Ricciardo,McLaren,14.0,18.0,20.0,29.49079754601227,1010.3858895705521,2022,Bahrain Grand Prix
4,Lando Norris,McLaren,15.0,13.0,20.0,29.49079754601227,1010.3858895705521,2022,Bahrain Grand Prix
6,Nicholas Latifi,Williams,16.0,20.0,20.0,29.49079754601227,1010.3858895705521,2022,Bahrain Grand Prix
27,Nico Hulkenberg,Aston Martin,17.0,17.0,20.0,29.49079754601227,1010.3858895705521,2022,Bahrain Grand Prix
11,Sergio Perez,Red Bull Racing,18.0,4.0,20.0,29.49079754601227,1010.3858895705521,2022,Bahrain Grand Prix
1,Max Verstappen,Red Bull Racing,19.0,2.0,20.0,29.49079754601227,1010.3858895705521,2022,Bahrain Grand Prix
10,Pierre Gasly,AlphaTauri,20.0,10.0,20.0,29.49079754601227,1010.3858895705521,2022,Bahrain Grand Prix
1,Max Verstappen,Red Bull Racing,1.0,4.0,20.0,59.66447368421053,1012.7776315789474,2022,Saudi Arabian Grand Prix
16,Charles Leclerc,Ferrari,2.0,2.0,20.0,59.66447368421053,1012.7776315789474,2022,Saudi Arabian Grand Prix
55,Carlos Sainz,Ferrari,3.0,3.0,20.0,59.66447368421053,1012.7776315789474,2022,Saudi Arabian Grand Prix
11,Sergio Perez,Red Bull Racing,4.0,1.0,20.0,59.66447368421053,1012.7776315789474,2022,Saudi Arabian Grand Prix
63,George Russell,Mercedes,5.0,6.0,20.0,59.66447368421053,1012.7776315789474,2022,Saudi Arabian Grand Prix
31,Esteban Ocon,Alpine,6.0,5.0,20.0,59.66447368421053,1012.7776315789474,2022,Saudi Arabian Grand Prix
4,Lando Norris,McLaren,7.0,11.0,20.0,59.66447368421053,1012.7776315789474,2022,Saudi Arabian Grand Prix
10,Pierre Gasly,AlphaTauri,8.0,9.0,20.0,59.66447368421053,1012.7776315789474,2022,Saudi Arabian Grand Prix
20,Kevin Magnussen,Haas F1 Team,9.0,10.0,20.0,59.66447368421053,1012.7776315789474,2022,Saudi Arabian Grand Prix
44,Lewis Hamilton,Mercedes,10.0,16.0,20.0,59.66447368421053,1012.7776315789474,2022,Saudi Arabian Grand Prix
24,Guanyu Zhou,Alfa Romeo,11.0,13.0,20.0,59.66447368421053,1012.7776315789474,2022,Saudi Arabian Grand Prix
27,Nico Hulkenberg,Aston Martin,12.0,18.0,20.0,59.66447368421053,1012.7776315789474,2022,Saudi Arabian Grand Prix
18,Lance Stroll,Aston Martin,13.0,15.0,20.0,59.66447368421053,1012.7776315789474,2022,Saudi Arabian Grand Prix
23,Alexander Albon,Williams,14.0,17.0,20.0,59.66447368421053,1012.7776315789474,2022,Saudi Arabian Grand Prix
77,Valtteri Bottas,Alfa Romeo,15.0,8.0,20.0,59.66447368421053,1012.7776315789474,2022,Saudi Arabian Grand Prix
14,Fernando Alonso,Alpine,16.0,7.0,20.0,59.66447368421053,1012.7776315789474,2022,Saudi Arabian Grand Prix
3,Daniel Ricciardo,McLaren,17.0,12.0,20.0,59.66447368421053,1012.7776315789474,2022,Saudi Arabian Grand Prix
6,Nicholas Latifi,Williams,18.0,19.0,20.0,59.66447368421053,1012.7776315789474,2022,Saudi Arabian Grand Prix
22,Yuki Tsunoda,AlphaTauri,19.0,20.0,20.0,59.66447368421053,1012.7776315789474,2022,Saudi Arabian Grand Prix
47,Mick Schumacher,Haas F1 Team,,14.0,20.0,59.66447368421053,1012.7776315789474,2022,Saudi Arabian Grand Prix
16,Charles Leclerc,Ferrari,1.0,1.0,20.0,43.65384615384615,1014.2461538461537,2022,Australian Grand Prix
11,Sergio Perez,Red Bull Racing,2.0,3.0,20.0,43.65384615384615,1014.2461538461537,2022,Australian Grand Prix
63,George Russell,Mercedes,3.0,6.0,20.0,43.65384615384615,1014.2461538461537,2022,Australian Grand Prix
44,Lewis Hamilton,Mercedes,4.0,5.0,20.0,43.65384615384615,1014.2461538461537,2022,Australian Grand Prix
4,Lando Norris,McLaren,5.0,4.0,20.0,43.65384615384615,1014.2461538461537,2022,Australian Grand Prix
3,Daniel Ricciardo,McLaren,6.0,7.0,20.0,43.65384615384615,1014.2461538461537,2022,Australian Grand Prix
31,Esteban Ocon,Alpine,7.0,8.0,20.0,43.65384615384615,1014.2461538461537,2022,Australian Grand Prix
77,Valtteri Bottas,Alfa Romeo,8.0,12.0,20.0,43.65384615384615,1014.2461538461537,2022,Australian Grand Prix
10,Pierre Gasly,AlphaTauri,9.0,11.0,20.0,43.65384615384615,1014.2461538461537,2022,Australian Grand Prix
23,Alexander Albon,Williams,10.0,16.0,20.0,43.65384615384615,1014.2461538461537,2022,Australian Grand Prix
24,Guanyu Zhou,Alfa Romeo,11.0,14.0,20.0,43.65384615384615,1014.2461538461537,2022,Australian Grand Prix
18,Lance Stroll,Aston Martin,12.0,20.0,20.0,43.65384615384615,1014.2461538461537,2022,Australian Grand Prix
47,Mick Schumacher,Haas F1 Team,13.0,15.0,20.0,43.65384615384615,1014.2461538461537,2022,Australian Grand Prix
20,Kevin Magnussen,Haas F1 Team,14.0,17.0,20.0,43.65384615384615,1014.2461538461537,2022,Australian Grand Prix
22,Yuki Tsunoda,AlphaTauri,15.0,13.0,20.0,43.65384615384615,1014.2461538461537,2022,Australian Grand Prix
6,Nicholas Latifi,Williams,16.0,19.0,20.0,43.65384615384615,1014.2461538461537,2022,Australian Grand Prix
14,Fernando Alonso,Alpine,17.0,10.0,20.0,43.65384615384615,1014.2461538461537,2022,Australian Grand Prix
1,Max Verstappen,Red Bull Racing,18.0,2.0,20.0,43.65384615384615,1014.2461538461537,2022,Australian Grand Prix
5,Sebastian Vettel,Aston Martin,19.0,18.0,20.0,43.65384615384615,1014.2461538461537,2022,Australian Grand Prix
55,Carlos Sainz,Ferrari,20.0,9.0,20.0,43.65384615384615,1014.2461538461537,2022,Australian Grand Prix
1,Max Verstappen,Red Bull Racing,1.0,1.0,20.0,83.17088607594937,1001.0386075949366,2022,Emilia Romagna Grand Prix
11,Sergio Perez,Red Bull Racing,2.0,7.0,20.0,83.17088607594937,1001.0386075949366,2022,Emilia Romagna Grand Prix
4,Lando Norris,McLaren,3.0,3.0,20.0,83.17088607594937,1001.0386075949366,2022,Emilia Romagna Grand Prix
63,George Russell,Mercedes,4.0,11.0,20.0,83.17088607594937,1001.0386075949366,2022,Emilia Romagna Grand Prix
77,Valtteri Bottas,Alfa Romeo,5.0,8.0,20.0,83.17088607594937,1001.0386075949366,2022,Emilia Romagna Grand Prix
16,Charles Leclerc,Ferrari,6.0,2.0,20.0,83.17088607594937,1001.0386075949366,2022,Emilia Romagna Grand Prix
22,Yuki Tsunoda,AlphaTauri,7.0,16.0,20.0,83.17088607594937,1001.0386075949366,2022,Emilia Romagna Grand Prix
5,Sebastian Vettel,Aston Martin,8.0,9.0,20.0,83.17088607594937,1001.0386075949366,2022,Emilia Romagna Grand Prix
20,Kevin Magnussen,Haas F1 Team,9.0,4.0,20.0,83.17088607594937,1001.0386075949366,2022,Emilia Romagna Grand Prix
18,Lance Stroll,Aston Martin,10.0,15.0,20.0,83.17088607594937,1001.0386075949366,2022,Emilia Romagna Grand Prix
23,Alexander Albon,Williams,11.0,20.0,20.0,83.17088607594937,1001.0386075949366,2022,Emilia Romagna Grand Prix
10,Pierre Gasly,AlphaTauri,12.0,17.0,20.0,83.17088607594937,1001.0386075949366,2022,Emilia Romagna Grand Prix
44,Lewis Hamilton,Mercedes,13.0,13.0,20.0,83.17088607594937,1001.0386075949366,2022,Emilia Romagna Grand Prix
31,Esteban Ocon,Alpine,14.0,19.0,20.0,83.17088607594937,1001.0386075949366,2022,Emilia Romagna Grand Prix
24,Guanyu Zhou,Alfa Romeo,15.0,14.0,20.0,83.17088607594937,1001.0386075949366,2022,Emilia Romagna Grand Prix
6,Nicholas Latifi,Williams,16.0,18.0,20.0,83.17088607594937,1001.0386075949366,2022,Emilia Romagna Grand Prix
47,Mick Schumacher,Haas F1 Team,17.0,12.0,20.0,83.17088607594937,1001.0386075949366,2022,Emilia Romagna Grand Prix
3,Daniel Ricciardo,McLaren,18.0,6.0,20.0,83.17088607594937,1001.0386075949366,2022,Emilia Romagna Grand Prix
14,Fernando Alonso,Alpine,19.0,5.0,20.0,83.17088607594937,1001.0386075949366,2022,Emilia Romagna Grand Prix
55,Carlos Sainz,Ferrari,20.0,10.0,20.0,83.17088607594937,1001.0386075949366,2022,Emilia Romagna Grand Prix
1,Max Verstappen,Red Bull Racing,1.0,3.0,20.0,58.858024691358025,1009.3049382716049,2022,Miami Grand Prix
16,Charles Leclerc,Ferrari,2.0,1.0,20.0,58.858024691358025,1009.3049382716049,2022,Miami Grand Prix
55,Carlos Sainz,Ferrari,3.0,2.0,20.0,58.858024691358025,1009.3049382716049,2022,Miami Grand Prix
11,Sergio Perez,Red Bull Racing,4.0,4.0,20.0,58.858024691358025,1009.3049382716049,2022,Miami Grand Prix
63,George Russell,Mercedes,5.0,12.0,20.0,58.858024691358025,1009.3049382716049,2022,Miami Grand Prix
44,Lewis Hamilton,Mercedes,6.0,6.0,20.0,58.858024691358025,1009.3049382716049,2022,Miami Grand Prix
77,Valtteri Bottas,Alfa Romeo,7.0,5.0,20.0,58.858024691358025,1009.3049382716049,2022,Miami Grand Prix
31,Esteban Ocon,Alpine,8.0,20.0,20.0,58.858024691358025,1009.3049382716049,2022,Miami Grand Prix
23,Alexander Albon,Williams,9.0,18.0,20.0,58.858024691358025,1009.3049382716049,2022,Miami Grand Prix
18,Lance Stroll,Aston Martin,10.0,10.0,20.0,58.858024691358025,1009.3049382716049,2022,Miami Grand Prix
14,Fernando Alonso,Alpine,11.0,11.0,20.0,58.858024691358025,1009.3049382716049,2022,Miami Grand Prix
22,Yuki Tsunoda,AlphaTauri,12.0,9.0,20.0,58.858024691358025,1009.3049382716049,2022,Miami Grand Prix
3,Daniel Ricciardo,McLaren,13.0,14.0,20.0,58.858024691358025,1009.3049382716049,2022,Miami Grand Prix
6,Nicholas Latifi,Williams,14.0,19.0,20.0,58.858024691358025,1009.3049382716049,2022,Miami Grand Prix
47,Mick Schumacher,Haas F1 Team,15.0,15.0,20.0,58.858024691358025,1009.3049382716049,2022,Miami Grand Prix
20,Kevin Magnussen,Haas F1 Team,16.0,16.0,20.0,58.858024691358025,1009.3049382716049,2022,Miami Grand Prix
5,Sebastian Vettel,Aston Martin,17.0,13.0,20.0,58.858024691358025,1009.3049382716049,2022,Miami Grand Prix
10,Pierre Gasly,AlphaTauri,18.0,7.0,20.0,58.858024691358025,1009.3049382716049,2022,Miami Grand Prix
4,Lando Norris,McLaren,19.0,8.0,20.0,58.858024691358025,1009.3049382716049,2022,Miami Grand Prix
24,Guanyu Zhou,Alfa Romeo,20.0,17.0,20.0,58.858024691358025,1009.3049382716049,2022,Miami Grand Prix
1,Max Verstappen,Red Bull Racing,1.0,2.0,20.0,7.109756097560975,996.0158536585366,2022,Spanish Grand Prix
11,Sergio Perez,Red Bull Racing,2.0,5.0,20.0,7.109756097560975,996.0158536585366,2022,Spanish Grand Prix
63,George Russell,Mercedes,3.0,4.0,20.0,7.109756097560975,996.0158536585366,2022,Spanish Grand Prix
55,Carlos Sainz,Ferrari,4.0,3.0,20.0,7.109756097560975,996.0158536585366,2022,Spanish Grand Prix
44,Lewis Hamilton,Mercedes,5.0,6.0,20.0,7.109756097560975,996.0158536585366,2022,Spanish Grand Prix
77,Valtteri Bottas,Alfa Romeo,6.0,7.0,20.0,7.109756097560975,996.0158536585366,2022,Spanish Grand Prix
31,Esteban Ocon,Alpine,7.0,12.0,20.0,7.109756097560975,996.0158536585366,2022,Spanish Grand Prix
4,Lando Norris,McLaren,8.0,11.0,20.0,7.109756097560975,996.0158536585366,2022,Spanish Grand Prix
14,Fernando Alonso,Alpine,9.0,17.0,20.0,7.109756097560975,996.0158536585366,2022,Spanish Grand Prix
22,Yuki Tsunoda,AlphaTauri,10.0,13.0,20.0,7.109756097560975,996.0158536585366,2022,Spanish Grand Prix
5,Sebastian Vettel,Aston Martin,11.0,16.0,20.0,7.109756097560975,996.0158536585366,2022,Spanish Grand Prix
3,Daniel Ricciardo,McLaren,12.0,9.0,20.0,7.109756097560975,996.0158536585366,2022,Spanish Grand Prix
10,Pierre Gasly,AlphaTauri,13.0,14.0,20.0,7.109756097560975,996.0158536585366,2022,Spanish Grand Prix
47,Mick Schumacher,Haas F1 Team,14.0,10.0,20.0,7.109756097560975,996.0158536585366,2022,Spanish Grand Prix
18,Lance Stroll,Aston Martin,15.0,18.0,20.0,7.109756097560975,996.0158536585366,2022,Spanish Grand Prix
6,Nicholas Latifi,Williams,16.0,20.0,20.0,7.109756097560975,996.0158536585366,2022,Spanish Grand Prix
20,Kevin Magnussen,Haas F1 Team,17.0,8.0,20.0,7.109756097560975,996.0158536585366,2022,Spanish Grand Prix
23,Alexander Albon,Williams,18.0,19.0,20.0,7.109756097560975,996.0158536585366,2022,Spanish Grand Prix
24,Guanyu Zhou,Alfa Romeo,19.0,15.0,20.0,7.109756097560975,996.0158536585366,2022,Spanish Grand Prix
16,Charles Leclerc,Ferrari,20.0,1.0,20.0,7.109756097560975,996.0158536585366,2022,Spanish Grand Prix
11,Sergio Perez,Red Bull Racing,1.0,3.0,20.0,75.66530612244898,1002.9922448979592,2022,Monaco Grand Prix
55,Carlos Sainz,Ferrari,2.0,2.0,20.0,75.66530612244898,1002.9922448979592,2022,Monaco Grand Prix
1,Max Verstappen,Red Bull Racing,3.0,4.0,20.0,75.66530612244898,1002.9922448979592,2022,Monaco Grand Prix
16,Charles Leclerc,Ferrari,4.0,1.0,20.0,75.66530612244898,1002.9922448979592,2022,Monaco Grand Prix
63,George Russell,Mercedes,5.0,6.0,20.0,75.66530612244898,1002.9922448979592,2022,Monaco Grand Prix
4,Lando Norris,McLaren,6.0,5.0,20.0,75.66530612244898,1002.9922448979592,2022,Monaco Grand Prix
14,Fernando Alonso,Alpine,7.0,7.0,20.0,75.66530612244898,1002.9922448979592,2022,Monaco Grand Prix
44,Lewis Hamilton,Mercedes,8.0,8.0,20.0,75.66530612244898,1002.9922448979592,2022,Monaco Grand Prix
77,Valtteri Bottas,Alfa Romeo,9.0,12.0,20.0,75.66530612244898,1002.9922448979592,2022,Monaco Grand Prix
5,Sebastian Vettel,Aston Martin,10.0,9.0,20.0,75.66530612244898,1002.9922448979592,2022,Monaco Grand Prix
10,Pierre Gasly,AlphaTauri,11.0,17.0,20.0,75.66530612244898,1002.9922448979592,2022,Monaco Grand Prix
31,Esteban Ocon,Alpine,12.0,10.0,20.0,75.66530612244898,1002.9922448979592,2022,Monaco Grand Prix
3,Daniel Ricciardo,McLaren,13.0,14.0,20.0,75.66530612244898,1002.9922448979592,2022,Monaco Grand Prix
18,Lance Stroll,Aston Martin,14.0,18.0,20.0,75.66530612244898,1002.9922448979592,2022,Monaco Grand Prix
6,Nicholas Latifi,Williams,15.0,19.0,20.0,75.66530612244898,1002.9922448979592,2022,Monaco Grand Prix
24,Guanyu Zhou,Alfa Romeo,16.0,20.0,20.0,75.66530612244898,1002.9922448979592,2022,Monaco Grand Prix
22,Yuki Tsunoda,AlphaTauri,17.0,11.0,20.0,75.66530612244898,1002.9922448979592,2022,Monaco Grand Prix
23,Alexander Albon,Williams,18.0,16.0,20.0,75.66530612244898,1002.9922448979592,2022,Monaco Grand Prix
47,Mick Schumacher,Haas F1 Team,19.0,15.0,20.0,75.66530612244898,1002.9922448979592,2022,Monaco Grand Prix
20,Kevin Magnussen,Haas F1 Team,20.0,13.0,20.0,75.66530612244898,1002.9922448979592,2022,Monaco Grand Prix
1,Max Verstappen,Red Bull Racing,1.0,3.0,20.0,59.49068322981366,1009.9012422360249,2022,Azerbaijan Grand Prix
11,Sergio Perez,Red Bull Racing,2.0,2.0,20.0,59.49068322981366,1009.9012422360249,2022,Azerbaijan Grand Prix
63,George Russell,Mercedes,3.0,5.0,20.0,59.49068322981366,1009.9012422360249,2022,Azerbaijan Grand Prix
44,Lewis Hamilton,Mercedes,4.0,7.0,20.0,59.49068322981366,1009.9012422360249,2022,Azerbaijan Grand Prix
10,Pierre Gasly,AlphaTauri,5.0,6.0,20.0,59.49068322981366,1009.9012422360249,2022,Azerbaijan Grand Prix
5,Sebastian Vettel,Aston Martin,6.0,9.0,20.0,59.49068322981366,1009.9012422360249,2022,Azerbaijan Grand Prix
14,Fernando Alonso,Alpine,7.0,10.0,20.0,59.49068322981366,1009.9012422360249,2022,Azerbaijan Grand Prix
3,Daniel Ricciardo,McLaren,8.0,12.0,20.0,59.49068322981366,1009.9012422360249,2022,Azerbaijan Grand Prix
4,Lando Norris,McLaren,9.0,11.0,20.0,59.49068322981366,1009.9012422360249,2022,Azerbaijan Grand Prix
31,Esteban Ocon,Alpine,10.0,13.0,20.0,59.49068322981366,1009.9012422360249,2022,Azerbaijan Grand Prix
77,Valtteri Bottas,Alfa Romeo,11.0,15.0,20.0,59.49068322981366,1009.9012422360249,2022,Azerbaijan Grand Prix
23,Alexander Albon,Williams,12.0,17.0,20.0,59.49068322981366,1009.9012422360249,2022,Azerbaijan Grand Prix
22,Yuki Tsunoda,AlphaTauri,13.0,8.0,20.0,59.49068322981366,1009.9012422360249,2022,Azerbaijan Grand Prix
47,Mick Schumacher,Haas F1 Team,14.0,20.0,20.0,59.49068322981366,1009.9012422360249,2022,Azerbaijan Grand Prix
6,Nicholas Latifi,Williams,15.0,18.0,20.0,59.49068322981366,1009.9012422360249,2022,Azerbaijan Grand Prix
18,Lance Stroll,Aston Martin,16.0,19.0,20.0,59.49068322981366,1009.9012422360249,2022,Azerbaijan Grand Prix
20,Kevin Magnussen,Haas F1 Team,17.0,16.0,20.0,59.49068322981366,1009.9012422360249,2022,Azerbaijan Grand Prix
24,Guanyu Zhou,Alfa Romeo,18.0,14.0,20.0,59.49068322981366,1009.9012422360249,2022,Azerbaijan Grand Prix
16,Charles Leclerc,Ferrari,19.0,1.0,20.0,59.49068322981366,1009.9012422360249,2022,Azerbaijan Grand Prix
55,Carlos Sainz,Ferrari,20.0,4.0,20.0,59.49068322981366,1009.9012422360249,2022,Azerbaijan Grand Prix
1,Max Verstappen,Red Bull Racing,1.0,1.0,20.0,28.925925925925927,1012.4012345679013,2022,Canadian Grand Prix
55,Carlos Sainz,Ferrari,2.0,3.0,20.0,28.925925925925927,1012.4012345679013,2022,Canadian Grand Prix
44,Lewis Hamilton,Mercedes,3.0,4.0,20.0,28.925925925925927,1012.4012345679013,2022,Canadian Grand Prix
63,George Russell,Mercedes,4.0,8.0,20.0,28.925925925925927,1012.4012345679013,2022,Canadian Grand Prix
16,Charles Leclerc,Ferrari,5.0,15.0,20.0,28.925925925925927,1012.4012345679013,2022,Canadian Grand Prix
31,Esteban Ocon,Alpine,6.0,7.0,20.0,28.925925925925927,1012.4012345679013,2022,Canadian Grand Prix
77,Valtteri Bottas,Alfa Romeo,7.0,11.0,20.0,28.925925925925927,1012.4012345679013,2022,Canadian Grand Prix
24,Guanyu Zhou,Alfa Romeo,8.0,10.0,20.0,28.925925925925927,1012.4012345679013,2022,Canadian Grand Prix
14,Fernando Alonso,Alpine,9.0,2.0,20.0,28.925925925925927,1012.4012345679013,2022,Canadian Grand Prix
18,Lance Stroll,Aston Martin,10.0,18.0,20.0,28.925925925925927,1012.4012345679013,2022,Canadian Grand Prix
3,Daniel Ricciardo,McLaren,11.0,9.0,20.0,28.925925925925927,1012.4012345679013,2022,Canadian Grand Prix
5,Sebastian Vettel,Aston Martin,12.0,17.0,20.0,28.925925925925927,1012.4012345679013,2022,Canadian Grand Prix
23,Alexander Albon,Williams,13.0,12.0,20.0,28.925925925925927,1012.4012345679013,2022,Canadian Grand Prix
10,Pierre Gasly,AlphaTauri,14.0,16.0,20.0,28.925925925925927,1012.4012345679013,2022,Canadian Grand Prix
4,Lando Norris,McLaren,15.0,14.0,20.0,28.925925925925927,1012.4012345679013,2022,Canadian Grand Prix
6,Nicholas Latifi,Williams,16.0,19.0,20.0,28.925925925925927,1012.4012345679013,2022,Canadian Grand Prix
20,Kevin Magnussen,Haas F1 Team,17.0,5.0,20.0,28.925925925925927,1012.4012345679013,2022,Canadian Grand Prix
22,Yuki Tsunoda,AlphaTauri,18.0,20.0,20.0,28.925925925925927,1012.4012345679013,2022,Canadian Grand Prix
47,Mick Schumacher,Haas F1 Team,19.0,6.0,20.0,28.925925925925927,1012.4012345679013,2022,Canadian Grand Prix
11,Sergio Perez,Red Bull Racing,20.0,13.0,20.0,28.925925925925927,1012.4012345679013,2022,Canadian Grand Prix
55,Carlos Sainz,Ferrari,1.0,1.0,20.0,59.748768472906406,1002.3581280788177,2022,British Grand Prix
11,Sergio Perez,Red Bull Racing,2.0,4.0,20.0,59.748768472906406,1002.3581280788177,2022,British Grand Prix
44,Lewis Hamilton,Mercedes,3.0,5.0,20.0,59.748768472906406,1002.3581280788177,2022,British Grand Prix
16,Charles Leclerc,Ferrari,4.0,3.0,20.0,59.748768472906406,1002.3581280788177,2022,British Grand Prix
14,Fernando Alonso,Alpine,5.0,7.0,20.0,59.748768472906406,1002.3581280788177,2022,British Grand Prix
4,Lando Norris,McLaren,6.0,6.0,20.0,59.748768472906406,1002.3581280788177,2022,British Grand Prix
1,Max Verstappen,Red Bull Racing,7.0,2.0,20.0,59.748768472906406,1002.3581280788177,2022,British Grand Prix
47,Mick Schumacher,Haas F1 Team,8.0,19.0,20.0,59.748768472906406,1002.3581280788177,2022,British Grand Prix
5,Sebastian Vettel,Aston Martin,9.0,18.0,20.0,59.748768472906406,1002.3581280788177,2022,British Grand Prix
20,Kevin Magnussen,Haas F1 Team,10.0,17.0,20.0,59.748768472906406,1002.3581280788177,2022,British Grand Prix
18,Lance Stroll,Aston Martin,11.0,20.0,20.0,59.748768472906406,1002.3581280788177,2022,British Grand Prix
6,Nicholas Latifi,Williams,12.0,10.0,20.0,59.748768472906406,1002.3581280788177,2022,British Grand Prix
3,Daniel Ricciardo,McLaren,13.0,14.0,20.0,59.748768472906406,1002.3581280788177,2022,British Grand Prix
22,Yuki Tsunoda,AlphaTauri,14.0,13.0,20.0,59.748768472906406,1002.3581280788177,2022,British Grand Prix
31,Esteban Ocon,Alpine,15.0,15.0,20.0,59.748768472906406,1002.3581280788177,2022,British Grand Prix
10,Pierre Gasly,AlphaTauri,16.0,11.0,20.0,59.748768472906406,1002.3581280788177,2022,British Grand Prix
77,Valtteri Bottas,Alfa Romeo,17.0,12.0,20.0,59.748768472906406,1002.3581280788177,2022,British Grand Prix
63,George Russell,Mercedes,18.0,8.0,20.0,59.748768472906406,1002.3581280788177,2022,British Grand Prix
24,Guanyu Zhou,Alfa Romeo,19.0,9.0,20.0,59.748768472906406,1002.3581280788177,2022,British Grand Prix
23,Alexander Albon,Williams,20.0,16.0,20.0,59.748768472906406,1002.3581280788177,2022,British Grand Prix
16,Charles Leclerc,Ferrari,1.0,2.0,20.0,35.13815789473684,939.7125,2022,Austrian Grand Prix
1,Max Verstappen,Red Bull Racing,2.0,1.0,20.0,35.13815789473684,939.7125,2022,Austrian Grand Prix
44,Lewis Hamilton,Mercedes,3.0,9.0,20.0,35.13815789473684,939.7125,2022,Austrian Grand Prix
63,George Russell,Mercedes,4.0,4.0,20.0,35.13815789473684,939.7125,2022,Austrian Grand Prix
31,Esteban Ocon,Alpine,5.0,5.0,20.0,35.13815789473684,939.7125,2022,Austrian Grand Prix
47,Mick Schumacher,Haas F1 Team,6.0,7.0,20.0,35.13815789473684,939.7125,2022,Austrian Grand Prix
4,Lando Norris,McLaren,7.0,15.0,20.0,35.13815789473684,939.7125,2022,Austrian Grand Prix
20,Kevin Magnussen,Haas F1 Team,8.0,6.0,20.0,35.13815789473684,939.7125,2022,Austrian Grand Prix
3,Daniel Ricciardo,McLaren,9.0,16.0,20.0,35.13815789473684,939.7125,2022,Austrian Grand Prix
14,Fernando Alonso,Alpine,10.0,8.0,20.0,35.13815789473684,939.7125,2022,Austrian Grand Prix
77,Valtteri Bottas,Alfa Romeo,11.0,12.0,20.0,35.13815789473684,939.7125,2022,Austrian Grand Prix
23,Alexander Albon,Williams,12.0,11.0,20.0,35.13815789473684,939.7125,2022,Austrian Grand Prix
18,Lance Stroll,Aston Martin,13.0,17.0,20.0,35.13815789473684,939.7125,2022,Austrian Grand Prix
24,Guanyu Zhou,Alfa Romeo,14.0,18.0,20.0,35.13815789473684,939.7125,2022,Austrian Grand Prix
10,Pierre Gasly,AlphaTauri,15.0,10.0,20.0,35.13815789473684,939.7125,2022,Austrian Grand Prix
22,Yuki Tsunoda,AlphaTauri,16.0,14.0,20.0,35.13815789473684,939.7125,2022,Austrian Grand Prix
5,Sebastian Vettel,Aston Martin,17.0,20.0,20.0,35.13815789473684,939.7125,2022,Austrian Grand Prix
55,Carlos Sainz,Ferrari,18.0,3.0,20.0,35.13815789473684,939.7125,2022,Austrian Grand Prix
6,Nicholas Latifi,Williams,19.0,19.0,20.0,35.13815789473684,939.7125,2022,Austrian Grand Prix
11,Sergio Perez,Red Bull Racing,20.0,13.0,20.0,35.13815789473684,939.7125,2022,Austrian Grand Prix
1,Max Verstappen,Red Bull Racing,1.0,2.0,20.0,47.734375,967.9078125000001,2022,French Grand Prix
44,Lewis Hamilton,Mercedes,2.0,4.0,20.0,47.734375,967.9078125000001,2022,French Grand Prix
63,George Russell,Mercedes,3.0,6.0,20.0,47.734375,967.9078125000001,2022,French Grand Prix
11,Sergio Perez,Red Bull Racing,4.0,3.0,20.0,47.734375,967.9078125000001,2022,French Grand Prix
55,Carlos Sainz,Ferrari,5.0,9.0,20.0,47.734375,967.9078125000001,2022,French Grand Prix
14,Fernando Alonso,Alpine,6.0,7.0,20.0,47.734375,967.9078125000001,2022,French Grand Prix
4,Lando Norris,McLaren,7.0,5.0,20.0,47.734375,967.9078125000001,2022,French Grand Prix
31,Esteban Ocon,Alpine,8.0,12.0,20.0,47.734375,967.9078125000001,2022,French Grand Prix
3,Daniel Ricciardo,McLaren,9.0,11.0,20.0,47.734375,967.9078125000001,2022,French Grand Prix
18,Lance Stroll,Aston Martin,10.0,17.0,20.0,47.734375,967.9078125000001,2022,French Grand Prix
5,Sebastian Vettel,Aston Martin,11.0,14.0,20.0,47.734375,967.9078125000001,2022,French Grand Prix
10,Pierre Gasly,AlphaTauri,12.0,16.0,20.0,47.734375,967.9078125000001,2022,French Grand Prix
23,Alexander Albon,Williams,13.0,15.0,20.0,47.734375,967.9078125000001,2022,French Grand Prix
77,Valtteri Bottas,Alfa Romeo,14.0,13.0,20.0,47.734375,967.9078125000001,2022,French Grand Prix
47,Mick Schumacher,Haas F1 Team,15.0,19.0,20.0,47.734375,967.9078125000001,2022,French Grand Prix
24,Guanyu Zhou,Alfa Romeo,16.0,18.0,20.0,47.734375,967.9078125000001,2022,French Grand Prix
6,Nicholas Latifi,Williams,17.0,20.0,20.0,47.734375,967.9078125000001,2022,French Grand Prix
20,Kevin Magnussen,Haas F1 Team,18.0,10.0,20.0,47.734375,967.9078125000001,2022,French Grand Prix
16,Charles Leclerc,Ferrari,19.0,1.0,20.0,47.734375,967.9078125000001,2022,French Grand Prix
22,Yuki Tsunoda,AlphaTauri,20.0,8.0,20.0,47.734375,967.9078125000001,2022,French Grand Prix
1,Max Verstappen,Red Bull Racing,1.0,10.0,20.0,69.31736526946108,985.5814371257484,2022,Hungarian Grand Prix
44,Lewis Hamilton,Mercedes,2.0,7.0,20.0,69.31736526946108,985.5814371257484,2022,Hungarian Grand Prix
63,George Russell,Mercedes,3.0,1.0,20.0,69.31736526946108,985.5814371257484,2022,Hungarian Grand Prix
55,Carlos Sainz,Ferrari,4.0,2.0,20.0,69.31736526946108,985.5814371257484,2022,Hungarian Grand Prix
11,Sergio Perez,Red Bull Racing,5.0,11.0,20.0,69.31736526946108,985.5814371257484,2022,Hungarian Grand Prix
16,Charles Leclerc,Ferrari,6.0,3.0,20.0,69.31736526946108,985.5814371257484,2022,Hungarian Grand Prix
4,Lando Norris,McLaren,7.0,4.0,20.0,69.31736526946108,985.5814371257484,2022,Hungarian Grand Prix
14,Fernando Alonso,Alpine,8.0,6.0,20.0,69.31736526946108,985.5814371257484,2022,Hungarian Grand Prix
31,Esteban Ocon,Alpine,9.0,5.0,20.0,69.31736526946108,985.5814371257484,2022,Hungarian Grand Prix
5,Sebastian Vettel,Aston Martin,10.0,18.0,20.0,69.31736526946108,985.5814371257484,2022,Hungarian Grand Prix
18,Lance Stroll,Aston Martin,11.0,14.0,20.0,69.31736526946108,985.5814371257484,2022,Hungarian Grand Prix
10,Pierre Gasly,AlphaTauri,12.0,19.0,20.0,69.31736526946108,985.5814371257484,2022,Hungarian Grand Prix
24,Guanyu Zhou,Alfa Romeo,13.0,12.0,20.0,69.31736526946108,985.5814371257484,2022,Hungarian Grand Prix
47,Mick Schumacher,Haas F1 Team,14.0,15.0,20.0,69.31736526946108,985.5814371257484,2022,Hungarian Grand Prix
3,Daniel Ricciardo,McLaren,15.0,9.0,20.0,69.31736526946108,985.5814371257484,2022,Hungarian Grand Prix
20,Kevin Magnussen,Haas F1 Team,16.0,13.0,20.0,69.31736526946108,985.5814371257484,2022,Hungarian Grand Prix
23,Alexander Albon,Williams,17.0,17.0,20.0,69.31736526946108,985.5814371257484,2022,Hungarian Grand Prix
6,Nicholas Latifi,Williams,18.0,20.0,20.0,69.31736526946108,985.5814371257484,2022,Hungarian Grand Prix
22,Yuki Tsunoda,AlphaTauri,19.0,16.0,20.0,69.31736526946108,985.5814371257484,2022,Hungarian Grand Prix
77,Valtteri Bottas,Alfa Romeo,20.0,8.0,20.0,69.31736526946108,985.5814371257484,2022,Hungarian Grand Prix
1,Max Verstappen,Red Bull Racing,1.0,1.0,20.0,40.51923076923077,971.0519230769229,2022,Belgian Grand Prix
11,Sergio Perez,Red Bull Racing,2.0,3.0,20.0,40.51923076923077,971.0519230769229,2022,Belgian Grand Prix
55,Carlos Sainz,Ferrari,3.0,2.0,20.0,40.51923076923077,971.0519230769229,2022,Belgian Grand Prix
63,George Russell,Mercedes,4.0,8.0,20.0,40.51923076923077,971.0519230769229,2022,Belgian Grand Prix
14,Fernando Alonso,Alpine,5.0,6.0,20.0,40.51923076923077,971.0519230769229,2022,Belgian Grand Prix
16,Charles Leclerc,Ferrari,6.0,4.0,20.0,40.51923076923077,971.0519230769229,2022,Belgian Grand Prix
31,Esteban Ocon,Alpine,7.0,5.0,20.0,40.51923076923077,971.0519230769229,2022,Belgian Grand Prix
5,Sebastian Vettel,Aston Martin,8.0,16.0,20.0,40.51923076923077,971.0519230769229,2022,Belgian Grand Prix
10,Pierre Gasly,AlphaTauri,9.0,12.0,20.0,40.51923076923077,971.0519230769229,2022,Belgian Grand Prix
23,Alexander Albon,Williams,10.0,9.0,20.0,40.51923076923077,971.0519230769229,2022,Belgian Grand Prix
18,Lance Stroll,Aston Martin,11.0,14.0,20.0,40.51923076923077,971.0519230769229,2022,Belgian Grand Prix
4,Lando Norris,McLaren,12.0,10.0,20.0,40.51923076923077,971.0519230769229,2022,Belgian Grand Prix
22,Yuki Tsunoda,AlphaTauri,13.0,19.0,20.0,40.51923076923077,971.0519230769229,2022,Belgian Grand Prix
24,Guanyu Zhou,Alfa Romeo,14.0,13.0,20.0,40.51923076923077,971.0519230769229,2022,Belgian Grand Prix
3,Daniel Ricciardo,McLaren,15.0,11.0,20.0,40.51923076923077,971.0519230769229,2022,Belgian Grand Prix
20,Kevin Magnussen,Haas F1 Team,16.0,18.0,20.0,40.51923076923077,971.0519230769229,2022,Belgian Grand Prix
47,Mick Schumacher,Haas F1 Team,17.0,15.0,20.0,40.51923076923077,971.0519230769229,2022,Belgian Grand Prix
6,Nicholas Latifi,Williams,18.0,17.0,20.0,40.51923076923077,971.0519230769229,2022,Belgian Grand Prix
77,Valtteri Bottas,Alfa Romeo,19.0,20.0,20.0,40.51923076923077,971.0519230769229,2022,Belgian Grand Prix
44,Lewis Hamilton,Mercedes,20.0,7.0,20.0,40.51923076923077,971.0519230769229,2022,Belgian Grand Prix
1,Max Verstappen,Red Bull Racing,1.0,1.0,20.0,75.38036809815951,1017.10981595092,2022,Dutch Grand Prix
63,George Russell,Mercedes,2.0,6.0,20.0,75.38036809815951,1017.10981595092,2022,Dutch Grand Prix
16,Charles Leclerc,Ferrari,3.0,2.0,20.0,75.38036809815951,1017.10981595092,2022,Dutch Grand Prix
44,Lewis Hamilton,Mercedes,4.0,4.0,20.0,75.38036809815951,1017.10981595092,2022,Dutch Grand Prix
11,Sergio Perez,Red Bull Racing,5.0,5.0,20.0,75.38036809815951,1017.10981595092,2022,Dutch Grand Prix
14,Fernando Alonso,Alpine,6.0,13.0,20.0,75.38036809815951,1017.10981595092,2022,Dutch Grand Prix
4,Lando Norris,McLaren,7.0,7.0,20.0,75.38036809815951,1017.10981595092,2022,Dutch Grand Prix
55,Carlos Sainz,Ferrari,8.0,3.0,20.0,75.38036809815951,1017.10981595092,2022,Dutch Grand Prix
31,Esteban Ocon,Alpine,9.0,12.0,20.0,75.38036809815951,1017.10981595092,2022,Dutch Grand Prix
18,Lance Stroll,Aston Martin,10.0,10.0,20.0,75.38036809815951,1017.10981595092,2022,Dutch Grand Prix
10,Pierre Gasly,AlphaTauri,11.0,11.0,20.0,75.38036809815951,1017.10981595092,2022,Dutch Grand Prix
23,Alexander Albon,Williams,12.0,15.0,20.0,75.38036809815951,1017.10981595092,2022,Dutch Grand Prix
47,Mick Schumacher,Haas F1 Team,13.0,8.0,20.0,75.38036809815951,1017.10981595092,2022,Dutch Grand Prix
5,Sebastian Vettel,Aston Martin,14.0,19.0,20.0,75.38036809815951,1017.10981595092,2022,Dutch Grand Prix
20,Kevin Magnussen,Haas F1 Team,15.0,18.0,20.0,75.38036809815951,1017.10981595092,2022,Dutch Grand Prix
24,Guanyu Zhou,Alfa Romeo,16.0,14.0,20.0,75.38036809815951,1017.10981595092,2022,Dutch Grand Prix
3,Daniel Ricciardo,McLaren,17.0,17.0,20.0,75.38036809815951,1017.10981595092,2022,Dutch Grand Prix
6,Nicholas Latifi,Williams,18.0,20.0,20.0,75.38036809815951,1017.10981595092,2022,Dutch Grand Prix
77,Valtteri Bottas,Alfa Romeo,19.0,16.0,20.0,75.38036809815951,1017.10981595092,2022,Dutch Grand Prix
22,Yuki Tsunoda,AlphaTauri,20.0,9.0,20.0,75.38036809815951,1017.10981595092,2022,Dutch Grand Prix
1,Max Verstappen,Red Bull Racing,1.0,2.0,20.0,33.14965986394558,993.3401360544218,2022,Italian Grand Prix
16,Charles Leclerc,Ferrari,2.0,1.0,20.0,33.14965986394558,993.3401360544218,2022,Italian Grand Prix
63,George Russell,Mercedes,3.0,6.0,20.0,33.14965986394558,993.3401360544218,2022,Italian Grand Prix
55,Carlos Sainz,Ferrari,4.0,3.0,20.0,33.14965986394558,993.3401360544218,2022,Italian Grand Prix
44,Lewis Hamilton,Mercedes,5.0,5.0,20.0,33.14965986394558,993.3401360544218,2022,Italian Grand Prix
11,Sergio Perez,Red Bull Racing,6.0,4.0,20.0,33.14965986394558,993.3401360544218,2022,Italian Grand Prix
4,Lando Norris,McLaren,7.0,7.0,20.0,33.14965986394558,993.3401360544218,2022,Italian Grand Prix
10,Pierre Gasly,AlphaTauri,8.0,9.0,20.0,33.14965986394558,993.3401360544218,2022,Italian Grand Prix
45,Nyck De Vries,Williams,9.0,13.0,20.0,33.14965986394558,993.3401360544218,2022,Italian Grand Prix
24,Guanyu Zhou,Alfa Romeo,10.0,14.0,20.0,33.14965986394558,993.3401360544218,2022,Italian Grand Prix
31,Esteban Ocon,Alpine,11.0,11.0,20.0,33.14965986394558,993.3401360544218,2022,Italian Grand Prix
47,Mick Schumacher,Haas F1 Team,12.0,20.0,20.0,33.14965986394558,993.3401360544218,2022,Italian Grand Prix
77,Valtteri Bottas,Alfa Romeo,13.0,12.0,20.0,33.14965986394558,993.3401360544218,2022,Italian Grand Prix
22,Yuki Tsunoda,AlphaTauri,14.0,15.0,20.0,33.14965986394558,993.3401360544218,2022,Italian Grand Prix
6,Nicholas Latifi,Williams,15.0,16.0,20.0,33.14965986394558,993.3401360544218,2022,Italian Grand Prix
20,Kevin Magnussen,Haas F1 Team,16.0,19.0,20.0,33.14965986394558,993.3401360544218,2022,Italian Grand Prix
3,Daniel Ricciardo,McLaren,17.0,8.0,20.0,33.14965986394558,993.3401360544218,2022,Italian Grand Prix
18,Lance Stroll,Aston Martin,18.0,18.0,20.0,33.14965986394558,993.3401360544218,2022,Italian Grand Prix
14,Fernando Alonso,Alpine,19.0,10.0,20.0,33.14965986394558,993.3401360544218,2022,Italian Grand Prix
5,Sebastian Vettel,Aston Martin,20.0,17.0,20.0,33.14965986394558,993.3401360544218,2022,Italian Grand Prix
11,Sergio Perez,Red Bull Racing,1.0,2.0,20.0,87.44705882352942,1008.1439215686274,2022,Singapore Grand Prix
16,Charles Leclerc,Ferrari,2.0,1.0,20.0,87.44705882352942,1008.1439215686274,2022,Singapore Grand Prix
55,Carlos Sainz,Ferrari,3.0,4.0,20.0,87.44705882352942,1008.1439215686274,2022,Singapore Grand Prix
4,Lando Norris,McLaren,4.0,6.0,20.0,87.44705882352942,1008.1439215686274,2022,Singapore Grand Prix
3,Daniel Ricciardo,McLaren,5.0,17.0,20.0,87.44705882352942,1008.1439215686274,2022,Singapore Grand Prix
18,Lance Stroll,Aston Martin,6.0,12.0,20.0,87.44705882352942,1008.1439215686274,2022,Singapore Grand Prix
1,Max Verstappen,Red Bull Racing,7.0,8.0,20.0,87.44705882352942,1008.1439215686274,2022,Singapore Grand Prix
5,Sebastian Vettel,Aston Martin,8.0,14.0,20.0,87.44705882352942,1008.1439215686274,2022,Singapore Grand Prix
44,Lewis Hamilton,Mercedes,9.0,3.0,20.0,87.44705882352942,1008.1439215686274,2022,Singapore Grand Prix
10,Pierre Gasly,AlphaTauri,10.0,7.0,20.0,87.44705882352942,1008.1439215686274,2022,Singapore Grand Prix
77,Valtteri Bottas,Alfa Romeo,11.0,16.0,20.0,87.44705882352942,1008.1439215686274,2022,Singapore Grand Prix
20,Kevin Magnussen,Haas F1 Team,12.0,9.0,20.0,87.44705882352942,1008.1439215686274,2022,Singapore Grand Prix
47,Mick Schumacher,Haas F1 Team,13.0,13.0,20.0,87.44705882352942,1008.1439215686274,2022,Singapore Grand Prix
63,George Russell,Mercedes,14.0,11.0,20.0,87.44705882352942,1008.1439215686274,2022,Singapore Grand Prix
22,Yuki Tsunoda,AlphaTauri,15.0,10.0,20.0,87.44705882352942,1008.1439215686274,2022,Singapore Grand Prix
31,Esteban Ocon,Alpine,16.0,18.0,20.0,87.44705882352942,1008.1439215686274,2022,Singapore Grand Prix
23,Alexander Albon,Williams,17.0,19.0,20.0,87.44705882352942,1008.1439215686274,2022,Singapore Grand Prix
14,Fernando Alonso,Alpine,18.0,5.0,20.0,87.44705882352942,1008.1439215686274,2022,Singapore Grand Prix
6,Nicholas Latifi,Williams,19.0,20.0,20.0,87.44705882352942,1008.1439215686274,2022,Singapore Grand Prix
24,Guanyu Zhou,Alfa Romeo,20.0,15.0,20.0,87.44705882352942,1008.1439215686274,2022,Singapore Grand Prix
1,Max Verstappen,Red Bull Racing,1.0,1.0,20.0,86.21176470588236,1015.7062745098038,2022,Japanese Grand Prix
11,Sergio Perez,Red Bull Racing,2.0,4.0,20.0,86.21176470588236,1015.7062745098038,2022,Japanese Grand Prix
16,Charles Leclerc,Ferrari,3.0,2.0,20.0,86.21176470588236,1015.7062745098038,2022,Japanese Grand Prix
31,Esteban Ocon,Alpine,4.0,5.0,20.0,86.21176470588236,1015.7062745098038,2022,Japanese Grand Prix
44,Lewis Hamilton,Mercedes,5.0,6.0,20.0,86.21176470588236,1015.7062745098038,2022,Japanese Grand Prix
5,Sebastian Vettel,Aston Martin,6.0,9.0,20.0,86.21176470588236,1015.7062745098038,2022,Japanese Grand Prix
14,Fernando Alonso,Alpine,7.0,7.0,20.0,86.21176470588236,1015.7062745098038,2022,Japanese Grand Prix
63,George Russell,Mercedes,8.0,8.0,20.0,86.21176470588236,1015.7062745098038,2022,Japanese Grand Prix
6,Nicholas Latifi,Williams,9.0,20.0,20.0,86.21176470588236,1015.7062745098038,2022,Japanese Grand Prix
4,Lando Norris,McLaren,10.0,10.0,20.0,86.21176470588236,1015.7062745098038,2022,Japanese Grand Prix
3,Daniel Ricciardo,McLaren,11.0,11.0,20.0,86.21176470588236,1015.7062745098038,2022,Japanese Grand Prix
18,Lance Stroll,Aston Martin,12.0,19.0,20.0,86.21176470588236,1015.7062745098038,2022,Japanese Grand Prix
22,Yuki Tsunoda,AlphaTauri,13.0,13.0,20.0,86.21176470588236,1015.7062745098038,2022,Japanese Grand Prix
20,Kevin Magnussen,Haas F1 Team,14.0,18.0,20.0,86.21176470588236,1015.7062745098038,2022,Japanese Grand Prix
77,Valtteri Bottas,Alfa Romeo,15.0,12.0,20.0,86.21176470588236,1015.7062745098038,2022,Japanese Grand Prix
24,Guanyu Zhou,Alfa Romeo,16.0,14.0,20.0,86.21176470588236,1015.7062745098038,2022,Japanese Grand Prix
47,Mick Schumacher,Haas F1 Team,17.0,15.0,20.0,86.21176470588236,1015.7062745098038,2022,Japanese Grand Prix
10,Pierre Gasly,AlphaTauri,18.0,17.0,20.0,86.21176470588236,1015.7062745098038,2022,Japanese Grand Prix
55,Carlos Sainz,Ferrari,19.0,3.0,20.0,86.21176470588236,1015.7062745098038,2022,Japanese Grand Prix
23,Alexander Albon,Williams,20.0,16.0,20.0,86.21176470588236,1015.7062745098038,2022,Japanese Grand Prix
1,Max Verstappen,Red Bull Racing,1.0,3.0,20.0,49.62352941176471,991.1994117647057,2022,United States Grand Prix
44,Lewis Hamilton,Mercedes,2.0,5.0,20.0,49.62352941176471,991.1994117647057,2022,United States Grand Prix
16,Charles Leclerc,Ferrari,3.0,2.0,20.0,49.62352941176471,991.1994117647057,2022,United States Grand Prix
11,Sergio Perez,Red Bull Racing,4.0,4.0,20.0,49.62352941176471,991.1994117647057,2022,United States Grand Prix
63,George Russell,Mercedes,5.0,6.0,20.0,49.62352941176471,991.1994117647057,2022,United States Grand Prix
4,Lando Norris,McLaren,6.0,8.0,20.0,49.62352941176471,991.1994117647057,2022,United States Grand Prix
14,Fernando Alonso,Alpine,7.0,9.0,20.0,49.62352941176471,991.1994117647057,2022,United States Grand Prix
5,Sebastian Vettel,Aston Martin,8.0,12.0,20.0,49.62352941176471,991.1994117647057,2022,United States Grand Prix
20,Kevin Magnussen,Haas F1 Team,9.0,16.0,20.0,49.62352941176471,991.1994117647057,2022,United States Grand Prix
22,Yuki Tsunoda,AlphaTauri,10.0,15.0,20.0,49.62352941176471,991.1994117647057,2022,United States Grand Prix
31,Esteban Ocon,Alpine,11.0,18.0,20.0,49.62352941176471,991.1994117647057,2022,United States Grand Prix
24,Guanyu Zhou,Alfa Romeo,12.0,14.0,20.0,49.62352941176471,991.1994117647057,2022,United States Grand Prix
23,Alexander Albon,Williams,13.0,11.0,20.0,49.62352941176471,991.1994117647057,2022,United States Grand Prix
10,Pierre Gasly,AlphaTauri,14.0,13.0,20.0,49.62352941176471,991.1994117647057,2022,United States Grand Prix
47,Mick Schumacher,Haas F1 Team,15.0,19.0,20.0,49.62352941176471,991.1994117647057,2022,United States Grand Prix
3,Daniel Ricciardo,McLaren,16.0,17.0,20.0,49.62352941176471,991.1994117647057,2022,United States Grand Prix
6,Nicholas Latifi,Williams,17.0,20.0,20.0,49.62352941176471,991.1994117647057,2022,United States Grand Prix
18,Lance Stroll,Aston Martin,18.0,7.0,20.0,49.62352941176471,991.1994117647057,2022,United States Grand Prix
77,Valtteri Bottas,Alfa Romeo,19.0,10.0,20.0,49.62352941176471,991.1994117647057,2022,United States Grand Prix
55,Carlos Sainz,Ferrari,20.0,1.0,20.0,49.62352941176471,991.1994117647057,2022,United States Grand Prix
1,Max Verstappen,Red Bull Racing,1.0,1.0,20.0,34.442424242424245,780.4072727272726,2022,Mexico City Grand Prix
44,Lewis Hamilton,Mercedes,2.0,3.0,20.0,34.442424242424245,780.4072727272726,2022,Mexico City Grand Prix
11,Sergio Perez,Red Bull Racing,3.0,4.0,20.0,34.442424242424245,780.4072727272726,2022,Mexico City Grand Prix
63,George Russell,Mercedes,4.0,2.0,20.0,34.442424242424245,780.4072727272726,2022,Mexico City Grand Prix
55,Carlos Sainz,Ferrari,5.0,5.0,20.0,34.442424242424245,780.4072727272726,2022,Mexico City Grand Prix
16,Charles Leclerc,Ferrari,6.0,7.0,20.0,34.442424242424245,780.4072727272726,2022,Mexico City Grand Prix
3,Daniel Ricciardo,McLaren,7.0,11.0,20.0,34.442424242424245,780.4072727272726,2022,Mexico City Grand Prix
31,Esteban Ocon,Alpine,8.0,10.0,20.0,34.442424242424245,780.4072727272726,2022,Mexico City Grand Prix
4,Lando Norris,McLaren,9.0,8.0,20.0,34.442424242424245,780.4072727272726,2022,Mexico City Grand Prix
77,Valtteri Bottas,Alfa Romeo,10.0,6.0,20.0,34.442424242424245,780.4072727272726,2022,Mexico City Grand Prix
10,Pierre Gasly,AlphaTauri,11.0,14.0,20.0,34.442424242424245,780.4072727272726,2022,Mexico City Grand Prix
23,Alexander Albon,Williams,12.0,19.0,20.0,34.442424242424245,780.4072727272726,2022,Mexico City Grand Prix
24,Guanyu Zhou,Alfa Romeo,13.0,12.0,20.0,34.442424242424245,780.4072727272726,2022,Mexico City Grand Prix
5,Sebastian Vettel,Aston Martin,14.0,17.0,20.0,34.442424242424245,780.4072727272726,2022,Mexico City Grand Prix
18,Lance Stroll,Aston Martin,15.0,18.0,20.0,34.442424242424245,780.4072727272726,2022,Mexico City Grand Prix
47,Mick Schumacher,Haas F1 Team,16.0,16.0,20.0,34.442424242424245,780.4072727272726,2022,Mexico City Grand Prix
20,Kevin Magnussen,Haas F1 Team,17.0,15.0,20.0,34.442424242424245,780.4072727272726,2022,Mexico City Grand Prix
6,Nicholas Latifi,Williams,18.0,20.0,20.0,34.442424242424245,780.4072727272726,2022,Mexico City Grand Prix
14,Fernando Alonso,Alpine,19.0,9.0,20.0,34.442424242424245,780.4072727272726,2022,Mexico City Grand Prix
22,Yuki Tsunoda,AlphaTauri,20.0,13.0,20.0,34.442424242424245,780.4072727272726,2022,Mexico City Grand Prix
63,George Russell,Mercedes,1.0,3.0,20.0,76.07784431137725,922.1604790419161,2022,São Paulo Grand Prix
44,Lewis Hamilton,Mercedes,2.0,8.0,20.0,76.07784431137725,922.1604790419161,2022,São Paulo Grand Prix
55,Carlos Sainz,Ferrari,3.0,5.0,20.0,76.07784431137725,922.1604790419161,2022,São Paulo Grand Prix
16,Charles Leclerc,Ferrari,4.0,10.0,20.0,76.07784431137725,922.1604790419161,2022,São Paulo Grand Prix
14,Fernando Alonso,Alpine,5.0,7.0,20.0,76.07784431137725,922.1604790419161,2022,São Paulo Grand Prix
1,Max Verstappen,Red Bull Racing,6.0,2.0,20.0,76.07784431137725,922.1604790419161,2022,São Paulo Grand Prix
11,Sergio Perez,Red Bull Racing,7.0,9.0,20.0,76.07784431137725,922.1604790419161,2022,São Paulo Grand Prix
31,Esteban Ocon,Alpine,8.0,6.0,20.0,76.07784431137725,922.1604790419161,2022,São Paulo Grand Prix
77,Valtteri Bottas,Alfa Romeo,9.0,18.0,20.0,76.07784431137725,922.1604790419161,2022,São Paulo Grand Prix
18,Lance Stroll,Aston Martin,10.0,15.0,20.0,76.07784431137725,922.1604790419161,2022,São Paulo Grand Prix
5,Sebastian Vettel,Aston Martin,11.0,13.0,20.0,76.07784431137725,922.1604790419161,2022,São Paulo Grand Prix
24,Guanyu Zhou,Alfa Romeo,12.0,17.0,20.0,76.07784431137725,922.1604790419161,2022,São Paulo Grand Prix
47,Mick Schumacher,Haas F1 Team,13.0,20.0,20.0,76.07784431137725,922.1604790419161,2022,São Paulo Grand Prix
10,Pierre Gasly,AlphaTauri,14.0,12.0,20.0,76.07784431137725,922.1604790419161,2022,São Paulo Grand Prix
23,Alexander Albon,Williams,15.0,11.0,20.0,76.07784431137725,922.1604790419161,2022,São Paulo Grand Prix
6,Nicholas Latifi,Williams,16.0,16.0,20.0,76.07784431137725,922.1604790419161,2022,São Paulo Grand Prix
22,Yuki Tsunoda,AlphaTauri,17.0,19.0,20.0,76.07784431137725,922.1604790419161,2022,São Paulo Grand Prix
4,Lando Norris,McLaren,18.0,4.0,20.0,76.07784431137725,922.1604790419161,2022,São Paulo Grand Prix
20,Kevin Magnussen,Haas F1 Team,19.0,1.0,20.0,76.07784431137725,922.1604790419161,2022,São Paulo Grand Prix
3,Daniel Ricciardo,McLaren,20.0,14.0,20.0,76.07784431137725,922.1604790419161,2022,São Paulo Grand Prix
1,Max Verstappen,Red Bull Racing,1.0,1.0,20.0,61.68387096774194,1013.5206451612902,2022,Abu Dhabi Grand Prix
16,Charles Leclerc,Ferrari,2.0,3.0,20.0,61.68387096774194,1013.5206451612902,2022,Abu Dhabi Grand Prix
11,Sergio Perez,Red Bull Racing,3.0,2.0,20.0,61.68387096774194,1013.5206451612902,2022,Abu Dhabi Grand Prix
55,Carlos Sainz,Ferrari,4.0,4.0,20.0,61.68387096774194,1013.5206451612902,2022,Abu Dhabi Grand Prix
63,George Russell,Mercedes,5.0,6.0,20.0,61.68387096774194,1013.5206451612902,2022,Abu Dhabi Grand Prix
4,Lando Norris,McLaren,6.0,7.0,20.0,61.68387096774194,1013.5206451612902,2022,Abu Dhabi Grand Prix
31,Esteban Ocon,Alpine,7.0,8.0,20.0,61.68387096774194,1013.5206451612902,2022,Abu Dhabi Grand Prix
18,Lance Stroll,Aston Martin,8.0,14.0,20.0,61.68387096774194,1013.5206451612902,2022,Abu Dhabi Grand Prix
3,Daniel Ricciardo,McLaren,9.0,10.0,20.0,61.68387096774194,1013.5206451612902,2022,Abu Dhabi Grand Prix
5,Sebastian Vettel,Aston Martin,10.0,9.0,20.0,61.68387096774194,1013.5206451612902,2022,Abu Dhabi Grand Prix
22,Yuki Tsunoda,AlphaTauri,11.0,12.0,20.0,61.68387096774194,1013.5206451612902,2022,Abu Dhabi Grand Prix
24,Guanyu Zhou,Alfa Romeo,12.0,15.0,20.0,61.68387096774194,1013.5206451612902,2022,Abu Dhabi Grand Prix
23,Alexander Albon,Williams,13.0,19.0,20.0,61.68387096774194,1013.5206451612902,2022,Abu Dhabi Grand Prix
10,Pierre Gasly,AlphaTauri,14.0,17.0,20.0,61.68387096774194,1013.5206451612902,2022,Abu Dhabi Grand Prix
77,Valtteri Bottas,Alfa Romeo,15.0,18.0,20.0,61.68387096774194,1013.5206451612902,2022,Abu Dhabi Grand Prix
47,Mick Schumacher,Haas F1 Team,16.0,13.0,20.0,61.68387096774194,1013.5206451612902,2022,Abu Dhabi Grand Prix
20,Kevin Magnussen,Haas F1 Team,17.0,16.0,20.0,61.68387096774194,1013.5206451612902,2022,Abu Dhabi Grand Prix
44,Lewis Hamilton,Mercedes,18.0,5.0,20.0,61.68387096774194,1013.5206451612902,2022,Abu Dhabi Grand Prix
6,Nicholas Latifi,Williams,19.0,20.0,20.0,61.68387096774194,1013.5206451612902,2022,Abu Dhabi Grand Prix
14,Fernando Alonso,Alpine,20.0,11.0,20.0,61.68387096774194,1013.5206451612902,2022,Abu Dhabi Grand Prix
1,Max Verstappen,Red Bull Racing,1.0,1.0,20.0,56.18543046357616,1001.2258278145694,2023,Pre-Season Testing
4,Lando Norris,McLaren,2.0,2.0,20.0,56.18543046357616,1001.2258278145694,2023,Pre-Season Testing
44,Lewis Hamilton,Mercedes,3.0,7.0,20.0,56.18543046357616,1001.2258278145694,2023,Pre-Season Testing
81,Oscar Piastri,McLaren,4.0,3.0,20.0,56.18543046357616,1001.2258278145694,2023,Pre-Season Testing
63,George Russell,Mercedes,5.0,6.0,20.0,56.18543046357616,1001.2258278145694,2023,Pre-Season Testing
11,Sergio Perez,Red Bull Racing,6.0,16.0,20.0,56.18543046357616,1001.2258278145694,2023,Pre-Season Testing
14,Fernando Alonso,Aston Martin,7.0,9.0,20.0,56.18543046357616,1001.2258278145694,2023,Pre-Season Testing
23,Alexander Albon,Williams,8.0,8.0,20.0,56.18543046357616,1001.2258278145694,2023,Pre-Season Testing
16,Charles Leclerc,Ferrari,9.0,4.0,20.0,56.18543046357616,1001.2258278145694,2023,Pre-Season Testing
55,Carlos Sainz,Ferrari,10.0,5.0,20.0,56.18543046357616,1001.2258278145694,2023,Pre-Season Testing
2,Logan Sargeant,Williams,11.0,14.0,20.0,56.18543046357616,1001.2258278145694,2023,Pre-Season Testing
77,Valtteri Bottas,Alfa Romeo,12.0,15.0,20.0,56.18543046357616,1001.2258278145694,2023,Pre-Season Testing
27,Nico Hulkenberg,Haas F1 Team,13.0,11.0,20.0,56.18543046357616,1001.2258278145694,2023,Pre-Season Testing
18,Lance Stroll,Aston Martin,14.0,12.0,20.0,56.18543046357616,1001.2258278145694,2023,Pre-Season Testing
24,Guanyu Zhou,Alfa Romeo,15.0,18.0,20.0,56.18543046357616,1001.2258278145694,2023,Pre-Season Testing
22,Yuki Tsunoda,AlphaTauri,16.0,17.0,20.0,56.18543046357616,1001.2258278145694,2023,Pre-Season Testing
21,Nyck De Vries,AlphaTauri,17.0,19.0,20.0,56.18543046357616,1001.2258278145694,2023,Pre-Season Testing
10,Pierre Gasly,Alpine,18.0,10.0,20.0,56.18543046357616,1001.2258278145694,2023,Pre-Season Testing
20,Kevin Magnussen,Haas F1 Team,19.0,20.0,20.0,56.18543046357616,1001.2258278145694,2023,Pre-Season Testing
31,Esteban Ocon,Alpine,20.0,13.0,20.0,56.18543046357616,1001.2258278145694,2023,Pre-Season Testing
1,Max Verstappen,Red Bull Racing,1.0,1.0,20.0,21.496894409937887,1016.8639751552794,2023,Bahrain Grand Prix
11,Sergio Perez,Red Bull Racing,2.0,2.0,20.0,21.496894409937887,1016.8639751552794,2023,Bahrain Grand Prix
14,Fernando Alonso,Aston Martin,3.0,5.0,20.0,21.496894409937887,1016.8639751552794,2023,Bahrain Grand Prix
55,Carlos Sainz,Ferrari,4.0,4.0,20.0,21.496894409937887,1016.8639751552794,2023,Bahrain Grand Prix
44,Lewis Hamilton,Mercedes,5.0,7.0,20.0,21.496894409937887,1016.8639751552794,2023,Bahrain Grand Prix
18,Lance Stroll,Aston Martin,6.0,8.0,20.0,21.496894409937887,1016.8639751552794,2023,Bahrain Grand Prix
63,George Russell,Mercedes,7.0,6.0,20.0,21.496894409937887,1016.8639751552794,2023,Bahrain Grand Prix
77,Valtteri Bottas,Alfa Romeo,8.0,12.0,20.0,21.496894409937887,1016.8639751552794,2023,Bahrain Grand Prix
10,Pierre Gasly,Alpine,9.0,20.0,20.0,21.496894409937887,1016.8639751552794,2023,Bahrain Grand Prix
23,Alexander Albon,Williams,10.0,15.0,20.0,21.496894409937887,1016.8639751552794,2023,Bahrain Grand Prix
22,Yuki Tsunoda,AlphaTauri,11.0,14.0,20.0,21.496894409937887,1016.8639751552794,2023,Bahrain Grand Prix
2,Logan Sargeant,Williams,12.0,16.0,20.0,21.496894409937887,1016.8639751552794,2023,Bahrain Grand Prix
20,Kevin Magnussen,Haas F1 Team,13.0,17.0,20.0,21.496894409937887,1016.8639751552794,2023,Bahrain Grand Prix
21,Nyck De Vries,AlphaTauri,14.0,19.0,20.0,21.496894409937887,1016.8639751552794,2023,Bahrain Grand Prix
27,Nico Hulkenberg,Haas F1 Team,15.0,10.0,20.0,21.496894409937887,1016.8639751552794,2023,Bahrain Grand Prix
24,Guanyu Zhou,Alfa Romeo,16.0,13.0,20.0,21.496894409937887,1016.8639751552794,2023,Bahrain Grand Prix
4,Lando Norris,McLaren,17.0,11.0,20.0,21.496894409937887,1016.8639751552794,2023,Bahrain Grand Prix
31,Esteban Ocon,Alpine,18.0,9.0,20.0,21.496894409937887,1016.8639751552794,2023,Bahrain Grand Prix
16,Charles Leclerc,Ferrari,19.0,3.0,20.0,21.496894409937887,1016.8639751552794,2023,Bahrain Grand Prix
81,Oscar Piastri,McLaren,20.0,18.0,20.0,21.496894409937887,1016.8639751552794,2023,Bahrain Grand Prix
11,Sergio Perez,Red Bull Racing,1.0,1.0,20.0,57.79054054054054,1010.9297297297296,2023,Saudi Arabian Grand Prix
1,Max Verstappen,Red Bull Racing,2.0,15.0,20.0,57.79054054054054,1010.9297297297296,2023,Saudi Arabian Grand Prix
14,Fernando Alonso,Aston Martin,3.0,3.0,20.0,57.79054054054054,1010.9297297297296,2023,Saudi Arabian Grand Prix
63,George Russell,Mercedes,4.0,4.0,20.0,57.79054054054054,1010.9297297297296,2023,Saudi Arabian Grand Prix
44,Lewis Hamilton,Mercedes,5.0,8.0,20.0,57.79054054054054,1010.9297297297296,2023,Saudi Arabian Grand Prix
55,Carlos Sainz,Ferrari,6.0,5.0,20.0,57.79054054054054,1010.9297297297296,2023,Saudi Arabian Grand Prix
16,Charles Leclerc,Ferrari,7.0,2.0,20.0,57.79054054054054,1010.9297297297296,2023,Saudi Arabian Grand Prix
31,Esteban Ocon,Alpine,8.0,7.0,20.0,57.79054054054054,1010.9297297297296,2023,Saudi Arabian Grand Prix
10,Pierre Gasly,Alpine,9.0,10.0,20.0,57.79054054054054,1010.9297297297296,2023,Saudi Arabian Grand Prix
20,Kevin Magnussen,Haas F1 Team,10.0,13.0,20.0,57.79054054054054,1010.9297297297296,2023,Saudi Arabian Grand Prix
22,Yuki Tsunoda,AlphaTauri,11.0,16.0,20.0,57.79054054054054,1010.9297297297296,2023,Saudi Arabian Grand Prix
27,Nico Hulkenberg,Haas F1 Team,12.0,11.0,20.0,57.79054054054054,1010.9297297297296,2023,Saudi Arabian Grand Prix
24,Guanyu Zhou,Alfa Romeo,13.0,12.0,20.0,57.79054054054054,1010.9297297297296,2023,Saudi Arabian Grand Prix
21,Nyck De Vries,AlphaTauri,14.0,18.0,20.0,57.79054054054054,1010.9297297297296,2023,Saudi Arabian Grand Prix
81,Oscar Piastri,McLaren,15.0,9.0,20.0,57.79054054054054,1010.9297297297296,2023,Saudi Arabian Grand Prix
2,Logan Sargeant,Williams,16.0,20.0,20.0,57.79054054054054,1010.9297297297296,2023,Saudi Arabian Grand Prix
4,Lando Norris,McLaren,17.0,19.0,20.0,57.79054054054054,1010.9297297297296,2023,Saudi Arabian Grand Prix
77,Valtteri Bottas,Alfa Romeo,18.0,14.0,20.0,57.79054054054054,1010.9297297297296,2023,Saudi Arabian Grand Prix
23,Alexander Albon,Williams,19.0,17.0,20.0,57.79054054054054,1010.9297297297296,2023,Saudi Arabian Grand Prix
18,Lance Stroll,Aston Martin,20.0,6.0,20.0,57.79054054054054,1010.9297297297296,2023,Saudi Arabian Grand Prix
1,Max Verstappen,Red Bull Racing,1.0,1.0,20.0,54.15765765765766,1018.3666666666666,2023,Australian Grand Prix
44,Lewis Hamilton,Mercedes,2.0,3.0,20.0,54.15765765765766,1018.3666666666666,2023,Australian Grand Prix
14,Fernando Alonso,Aston Martin,3.0,4.0,20.0,54.15765765765766,1018.3666666666666,2023,Australian Grand Prix
18,Lance Stroll,Aston Martin,4.0,6.0,20.0,54.15765765765766,1018.3666666666666,2023,Australian Grand Prix
11,Sergio Perez,Red Bull Racing,5.0,20.0,20.0,54.15765765765766,1018.3666666666666,2023,Australian Grand Prix
4,Lando Norris,McLaren,6.0,13.0,20.0,54.15765765765766,1018.3666666666666,2023,Australian Grand Prix
27,Nico Hulkenberg,Haas F1 Team,7.0,10.0,20.0,54.15765765765766,1018.3666666666666,2023,Australian Grand Prix
81,Oscar Piastri,McLaren,8.0,16.0,20.0,54.15765765765766,1018.3666666666666,2023,Australian Grand Prix
24,Guanyu Zhou,Alfa Romeo,9.0,17.0,20.0,54.15765765765766,1018.3666666666666,2023,Australian Grand Prix
22,Yuki Tsunoda,AlphaTauri,10.0,12.0,20.0,54.15765765765766,1018.3666666666666,2023,Australian Grand Prix
77,Valtteri Bottas,Alfa Romeo,11.0,19.0,20.0,54.15765765765766,1018.3666666666666,2023,Australian Grand Prix
55,Carlos Sainz,Ferrari,12.0,5.0,20.0,54.15765765765766,1018.3666666666666,2023,Australian Grand Prix
10,Pierre Gasly,Alpine,13.0,9.0,20.0,54.15765765765766,1018.3666666666666,2023,Australian Grand Prix
31,Esteban Ocon,Alpine,14.0,11.0,20.0,54.15765765765766,1018.3666666666666,2023,Australian Grand Prix
21,Nyck De Vries,AlphaTauri,15.0,15.0,20.0,54.15765765765766,1018.3666666666666,2023,Australian Grand Prix
2,Logan Sargeant,Williams,16.0,18.0,20.0,54.15765765765766,1018.3666666666666,2023,Australian Grand Prix
20,Kevin Magnussen,Haas F1 Team,17.0,14.0,20.0,54.15765765765766,1018.3666666666666,2023,Australian Grand Prix
63,George Russell,Mercedes,18.0,2.0,20.0,54.15765765765766,1018.3666666666666,2023,Australian Grand Prix
23,Alexander Albon,Williams,19.0,8.0,20.0,54.15765765765766,1018.3666666666666,2023,Australian Grand Prix
16,Charles Leclerc,Ferrari,20.0,7.0,20.0,54.15765765765766,1018.3666666666666,2023,Australian Grand Prix
11,Sergio Perez,Red Bull Racing,1.0,3.0,20.0,49.225,1008.64625,2023,Azerbaijan Grand Prix
1,Max Verstappen,Red Bull Racing,2.0,2.0,20.0,49.225,1008.64625,2023,Azerbaijan Grand Prix
16,Charles Leclerc,Ferrari,3.0,1.0,20.0,49.225,1008.64625,2023,Azerbaijan Grand Prix
14,Fernando Alonso,Aston Martin,4.0,6.0,20.0,49.225,1008.64625,2023,Azerbaijan Grand Prix
55,Carlos Sainz,Ferrari,5.0,4.0,20.0,49.225,1008.64625,2023,Azerbaijan Grand Prix
44,Lewis Hamilton,Mercedes,6.0,5.0,20.0,49.225,1008.64625,2023,Azerbaijan Grand Prix
18,Lance Stroll,Aston Martin,7.0,9.0,20.0,49.225,1008.64625,2023,Azerbaijan Grand Prix
63,George Russell,Mercedes,8.0,11.0,20.0,49.225,1008.64625,2023,Azerbaijan Grand Prix
4,Lando Norris,McLaren,9.0,7.0,20.0,49.225,1008.64625,2023,Azerbaijan Grand Prix
22,Yuki Tsunoda,AlphaTauri,10.0,8.0,20.0,49.225,1008.64625,2023,Azerbaijan Grand Prix
81,Oscar Piastri,McLaren,11.0,10.0,20.0,49.225,1008.64625,2023,Azerbaijan Grand Prix
23,Alexander Albon,Williams,12.0,13.0,20.0,49.225,1008.64625,2023,Azerbaijan Grand Prix
20,Kevin Magnussen,Haas F1 Team,13.0,18.0,20.0,49.225,1008.64625,2023,Azerbaijan Grand Prix
10,Pierre Gasly,Alpine,14.0,19.0,20.0,49.225,1008.64625,2023,Azerbaijan Grand Prix
31,Esteban Ocon,Alpine,15.0,12.0,20.0,49.225,1008.64625,2023,Azerbaijan Grand Prix
2,Logan Sargeant,Williams,16.0,15.0,20.0,49.225,1008.64625,2023,Azerbaijan Grand Prix
27,Nico Hulkenberg,Haas F1 Team,17.0,17.0,20.0,49.225,1008.64625,2023,Azerbaijan Grand Prix
77,Valtteri Bottas,Alfa Romeo,18.0,14.0,20.0,49.225,1008.64625,2023,Azerbaijan Grand Prix
24,Guanyu Zhou,Alfa Romeo,19.0,16.0,20.0,49.225,1008.64625,2023,Azerbaijan Grand Prix
21,Nyck De Vries,AlphaTauri,20.0,20.0,20.0,49.225,1008.64625,2023,Azerbaijan Grand Prix
1,Max Verstappen,Red Bull Racing,1.0,9.0,20.0,59.42580645161291,1018.3787096774192,2023,Miami Grand Prix
11,Sergio Perez,Red Bull Racing,2.0,1.0,20.0,59.42580645161291,1018.3787096774192,2023,Miami Grand Prix
14,Fernando Alonso,Aston Martin,3.0,2.0,20.0,59.42580645161291,1018.3787096774192,2023,Miami Grand Prix
63,George Russell,Mercedes,4.0,6.0,20.0,59.42580645161291,1018.3787096774192,2023,Miami Grand Prix
55,Carlos Sainz,Ferrari,5.0,3.0,20.0,59.42580645161291,1018.3787096774192,2023,Miami Grand Prix
44,Lewis Hamilton,Mercedes,6.0,13.0,20.0,59.42580645161291,1018.3787096774192,2023,Miami Grand Prix
16,Charles Leclerc,Ferrari,7.0,7.0,20.0,59.42580645161291,1018.3787096774192,2023,Miami Grand Prix
10,Pierre Gasly,Alpine,8.0,5.0,20.0,59.42580645161291,1018.3787096774192,2023,Miami Grand Prix
31,Esteban Ocon,Alpine,9.0,8.0,20.0,59.42580645161291,1018.3787096774192,2023,Miami Grand Prix
20,Kevin Magnussen,Haas F1 Team,10.0,4.0,20.0,59.42580645161291,1018.3787096774192,2023,Miami Grand Prix
22,Yuki Tsunoda,AlphaTauri,11.0,17.0,20.0,59.42580645161291,1018.3787096774192,2023,Miami Grand Prix
18,Lance Stroll,Aston Martin,12.0,18.0,20.0,59.42580645161291,1018.3787096774192,2023,Miami Grand Prix
77,Valtteri Bottas,Alfa Romeo,13.0,10.0,20.0,59.42580645161291,1018.3787096774192,2023,Miami Grand Prix
23,Alexander Albon,Williams,14.0,11.0,20.0,59.42580645161291,1018.3787096774192,2023,Miami Grand Prix
27,Nico Hulkenberg,Haas F1 Team,15.0,12.0,20.0,59.42580645161291,1018.3787096774192,2023,Miami Grand Prix
24,Guanyu Zhou,Alfa Romeo,16.0,14.0,20.0,59.42580645161291,1018.3787096774192,2023,Miami Grand Prix
4,Lando Norris,McLaren,17.0,16.0,20.0,59.42580645161291,1018.3787096774192,2023,Miami Grand Prix
21,Nyck De Vries,AlphaTauri,18.0,15.0,20.0,59.42580645161291,1018.3787096774192,2023,Miami Grand Prix
81,Oscar Piastri,McLaren,19.0,19.0,20.0,59.42580645161291,1018.3787096774192,2023,Miami Grand Prix
2,Logan Sargeant,Williams,20.0,20.0,20.0,59.42580645161291,1018.3787096774192,2023,Miami Grand Prix
1,Max Verstappen,Red Bull Racing,1.0,1.0,20.0,45.86363636363637,1013.3596590909091,2023,Monaco Grand Prix
14,Fernando Alonso,Aston Martin,2.0,2.0,20.0,45.86363636363637,1013.3596590909091,2023,Monaco Grand Prix
31,Esteban Ocon,Alpine,3.0,4.0,20.0,45.86363636363637,1013.3596590909091,2023,Monaco Grand Prix
44,Lewis Hamilton,Mercedes,4.0,6.0,20.0,45.86363636363637,1013.3596590909091,2023,Monaco Grand Prix
63,George Russell,Mercedes,5.0,8.0,20.0,45.86363636363637,1013.3596590909091,2023,Monaco Grand Prix
16,Charles Leclerc,Ferrari,6.0,3.0,20.0,45.86363636363637,1013.3596590909091,2023,Monaco Grand Prix
10,Pierre Gasly,Alpine,7.0,7.0,20.0,45.86363636363637,1013.3596590909091,2023,Monaco Grand Prix
55,Carlos Sainz,Ferrari,8.0,5.0,20.0,45.86363636363637,1013.3596590909091,2023,Monaco Grand Prix
4,Lando Norris,McLaren,9.0,10.0,20.0,45.86363636363637,1013.3596590909091,2023,Monaco Grand Prix
81,Oscar Piastri,McLaren,10.0,11.0,20.0,45.86363636363637,1013.3596590909091,2023,Monaco Grand Prix
77,Valtteri Bottas,Alfa Romeo,11.0,15.0,20.0,45.86363636363637,1013.3596590909091,2023,Monaco Grand Prix
21,Nyck De Vries,AlphaTauri,12.0,12.0,20.0,45.86363636363637,1013.3596590909091,2023,Monaco Grand Prix
24,Guanyu Zhou,Alfa Romeo,13.0,19.0,20.0,45.86363636363637,1013.3596590909091,2023,Monaco Grand Prix
23,Alexander Albon,Williams,14.0,13.0,20.0,45.86363636363637,1013.3596590909091,2023,Monaco Grand Prix
22,Yuki Tsunoda,AlphaTauri,15.0,9.0,20.0,45.86363636363637,1013.3596590909091,2023,Monaco Grand Prix
11,Sergio Perez,Red Bull Racing,16.0,20.0,20.0,45.86363636363637,1013.3596590909091,2023,Monaco Grand Prix
27,Nico Hulkenberg,Haas F1 Team,17.0,18.0,20.0,45.86363636363637,1013.3596590909091,2023,Monaco Grand Prix
2,Logan Sargeant,Williams,18.0,16.0,20.0,45.86363636363637,1013.3596590909091,2023,Monaco Grand Prix
20,Kevin Magnussen,Haas F1 Team,19.0,17.0,20.0,45.86363636363637,1013.3596590909091,2023,Monaco Grand Prix
18,Lance Stroll,Aston Martin,20.0,14.0,20.0,45.86363636363637,1013.3596590909091,2023,Monaco Grand Prix
1,Max Verstappen,Red Bull Racing,1.0,1.0,20.0,63.077922077922075,1001.0909090909091,2023,Spanish Grand Prix
44,Lewis Hamilton,Mercedes,2.0,5.0,20.0,63.077922077922075,1001.0909090909091,2023,Spanish Grand Prix
63,George Russell,Mercedes,3.0,12.0,20.0,63.077922077922075,1001.0909090909091,2023,Spanish Grand Prix
11,Sergio Perez,Red Bull Racing,4.0,11.0,20.0,63.077922077922075,1001.0909090909091,2023,Spanish Grand Prix
55,Carlos Sainz,Ferrari,5.0,2.0,20.0,63.077922077922075,1001.0909090909091,2023,Spanish Grand Prix
18,Lance Stroll,Aston Martin,6.0,6.0,20.0,63.077922077922075,1001.0909090909091,2023,Spanish Grand Prix
14,Fernando Alonso,Aston Martin,7.0,9.0,20.0,63.077922077922075,1001.0909090909091,2023,Spanish Grand Prix
31,Esteban Ocon,Alpine,8.0,7.0,20.0,63.077922077922075,1001.0909090909091,2023,Spanish Grand Prix
24,Guanyu Zhou,Alfa Romeo,9.0,13.0,20.0,63.077922077922075,1001.0909090909091,2023,Spanish Grand Prix
10,Pierre Gasly,Alpine,10.0,4.0,20.0,63.077922077922075,1001.0909090909091,2023,Spanish Grand Prix
16,Charles Leclerc,Ferrari,11.0,19.0,20.0,63.077922077922075,1001.0909090909091,2023,Spanish Grand Prix
22,Yuki Tsunoda,AlphaTauri,12.0,15.0,20.0,63.077922077922075,1001.0909090909091,2023,Spanish Grand Prix
81,Oscar Piastri,McLaren,13.0,10.0,20.0,63.077922077922075,1001.0909090909091,2023,Spanish Grand Prix
21,Nyck De Vries,AlphaTauri,14.0,14.0,20.0,63.077922077922075,1001.0909090909091,2023,Spanish Grand Prix
27,Nico Hulkenberg,Haas F1 Team,15.0,8.0,20.0,63.077922077922075,1001.0909090909091,2023,Spanish Grand Prix
23,Alexander Albon,Williams,16.0,18.0,20.0,63.077922077922075,1001.0909090909091,2023,Spanish Grand Prix
4,Lando Norris,McLaren,17.0,3.0,20.0,63.077922077922075,1001.0909090909091,2023,Spanish Grand Prix
20,Kevin Magnussen,Haas F1 Team,18.0,17.0,20.0,63.077922077922075,1001.0909090909091,2023,Spanish Grand Prix
77,Valtteri Bottas,Alfa Romeo,19.0,16.0,20.0,63.077922077922075,1001.0909090909091,2023,Spanish Grand Prix
2,Logan Sargeant,Williams,20.0,20.0,20.0,63.077922077922075,1001.0909090909091,2023,Spanish Grand Prix
1,Max Verstappen,Red Bull Racing,1.0,1.0,20.0,63.901234567901234,1011.5524691358024,2023,Canadian Grand Prix
14,Fernando Alonso,Aston Martin,2.0,3.0,20.0,63.901234567901234,1011.5524691358024,2023,Canadian Grand Prix
44,Lewis Hamilton,Mercedes,3.0,4.0,20.0,63.901234567901234,1011.5524691358024,2023,Canadian Grand Prix
16,Charles Leclerc,Ferrari,4.0,11.0,20.0,63.901234567901234,1011.5524691358024,2023,Canadian Grand Prix
55,Carlos Sainz,Ferrari,5.0,8.0,20.0,63.901234567901234,1011.5524691358024,2023,Canadian Grand Prix
11,Sergio Perez,Red Bull Racing,6.0,12.0,20.0,63.901234567901234,1011.5524691358024,2023,Canadian Grand Prix
23,Alexander Albon,Williams,7.0,10.0,20.0,63.901234567901234,1011.5524691358024,2023,Canadian Grand Prix
31,Esteban Ocon,Alpine,8.0,6.0,20.0,63.901234567901234,1011.5524691358024,2023,Canadian Grand Prix
18,Lance Stroll,Aston Martin,9.0,13.0,20.0,63.901234567901234,1011.5524691358024,2023,Canadian Grand Prix
77,Valtteri Bottas,Alfa Romeo,10.0,15.0,20.0,63.901234567901234,1011.5524691358024,2023,Canadian Grand Prix
81,Oscar Piastri,McLaren,11.0,9.0,20.0,63.901234567901234,1011.5524691358024,2023,Canadian Grand Prix
10,Pierre Gasly,Alpine,12.0,17.0,20.0,63.901234567901234,1011.5524691358024,2023,Canadian Grand Prix
4,Lando Norris,McLaren,13.0,7.0,20.0,63.901234567901234,1011.5524691358024,2023,Canadian Grand Prix
22,Yuki Tsunoda,AlphaTauri,14.0,16.0,20.0,63.901234567901234,1011.5524691358024,2023,Canadian Grand Prix
27,Nico Hulkenberg,Haas F1 Team,15.0,2.0,20.0,63.901234567901234,1011.5524691358024,2023,Canadian Grand Prix
24,Guanyu Zhou,Alfa Romeo,16.0,20.0,20.0,63.901234567901234,1011.5524691358024,2023,Canadian Grand Prix
20,Kevin Magnussen,Haas F1 Team,17.0,14.0,20.0,63.901234567901234,1011.5524691358024,2023,Canadian Grand Prix
21,Nyck De Vries,AlphaTauri,18.0,18.0,20.0,63.901234567901234,1011.5524691358024,2023,Canadian Grand Prix
63,George Russell,Mercedes,19.0,5.0,20.0,63.901234567901234,1011.5524691358024,2023,Canadian Grand Prix
2,Logan Sargeant,Williams,20.0,19.0,20.0,63.901234567901234,1011.5524691358024,2023,Canadian Grand Prix
1,Max Verstappen,Red Bull Racing,1.0,1.0,20.0,52.04575163398693,934.0156862745096,2023,Austrian Grand Prix
16,Charles Leclerc,Ferrari,2.0,2.0,20.0,52.04575163398693,934.0156862745096,2023,Austrian Grand Prix
11,Sergio Perez,Red Bull Racing,3.0,15.0,20.0,52.04575163398693,934.0156862745096,2023,Austrian Grand Prix
4,Lando Norris,McLaren,4.0,4.0,20.0,52.04575163398693,934.0156862745096,2023,Austrian Grand Prix
14,Fernando Alonso,Aston Martin,5.0,7.0,20.0,52.04575163398693,934.0156862745096,2023,Austrian Grand Prix
55,Carlos Sainz,Ferrari,6.0,3.0,20.0,52.04575163398693,934.0156862745096,2023,Austrian Grand Prix
63,George Russell,Mercedes,7.0,11.0,20.0,52.04575163398693,934.0156862745096,2023,Austrian Grand Prix
44,Lewis Hamilton,Mercedes,8.0,5.0,20.0,52.04575163398693,934.0156862745096,2023,Austrian Grand Prix
18,Lance Stroll,Aston Martin,9.0,6.0,20.0,52.04575163398693,934.0156862745096,2023,Austrian Grand Prix
10,Pierre Gasly,Alpine,10.0,9.0,20.0,52.04575163398693,934.0156862745096,2023,Austrian Grand Prix
23,Alexander Albon,Williams,11.0,10.0,20.0,52.04575163398693,934.0156862745096,2023,Austrian Grand Prix
24,Guanyu Zhou,Alfa Romeo,12.0,17.0,20.0,52.04575163398693,934.0156862745096,2023,Austrian Grand Prix
2,Logan Sargeant,Williams,13.0,18.0,20.0,52.04575163398693,934.0156862745096,2023,Austrian Grand Prix
31,Esteban Ocon,Alpine,14.0,12.0,20.0,52.04575163398693,934.0156862745096,2023,Austrian Grand Prix
77,Valtteri Bottas,Alfa Romeo,15.0,14.0,20.0,52.04575163398693,934.0156862745096,2023,Austrian Grand Prix
81,Oscar Piastri,McLaren,16.0,13.0,20.0,52.04575163398693,934.0156862745096,2023,Austrian Grand Prix
21,Nyck De Vries,AlphaTauri,17.0,20.0,20.0,52.04575163398693,934.0156862745096,2023,Austrian Grand Prix
20,Kevin Magnussen,Haas F1 Team,18.0,19.0,20.0,52.04575163398693,934.0156862745096,2023,Austrian Grand Prix
22,Yuki Tsunoda,AlphaTauri,19.0,16.0,20.0,52.04575163398693,934.0156862745096,2023,Austrian Grand Prix
27,Nico Hulkenberg,Haas F1 Team,20.0,8.0,20.0,52.04575163398693,934.0156862745096,2023,Austrian Grand Prix
1,Max Verstappen,Red Bull Racing,1.0,1.0,20.0,56.18543046357616,1001.2258278145694,2023,British Grand Prix
4,Lando Norris,McLaren,2.0,2.0,20.0,56.18543046357616,1001.2258278145694,2023,British Grand Prix
44,Lewis Hamilton,Mercedes,3.0,7.0,20.0,56.18543046357616,1001.2258278145694,2023,British Grand Prix
81,Oscar Piastri,McLaren,4.0,3.0,20.0,56.18543046357616,1001.2258278145694,2023,British Grand Prix
63,George Russell,Mercedes,5.0,6.0,20.0,56.18543046357616,1001.2258278145694,2023,British Grand Prix
11,Sergio Perez,Red Bull Racing,6.0,16.0,20.0,56.18543046357616,1001.2258278145694,2023,British Grand Prix
14,Fernando Alonso,Aston Martin,7.0,9.0,20.0,56.18543046357616,1001.2258278145694,2023,British Grand Prix
23,Alexander Albon,Williams,8.0,8.0,20.0,56.18543046357616,1001.2258278145694,2023,British Grand Prix
16,Charles Leclerc,Ferrari,9.0,4.0,20.0,56.18543046357616,1001.2258278145694,2023,British Grand Prix
55,Carlos Sainz,Ferrari,10.0,5.0,20.0,56.18543046357616,1001.2258278145694,2023,British Grand Prix
2,Logan Sargeant,Williams,11.0,14.0,20.0,56.18543046357616,1001.2258278145694,2023,British Grand Prix
77,Valtteri Bottas,Alfa Romeo,12.0,15.0,20.0,56.18543046357616,1001.2258278145694,2023,British Grand Prix
27,Nico Hulkenberg,Haas F1 Team,13.0,11.0,20.0,56.18543046357616,1001.2258278145694,2023,British Grand Prix
18,Lance Stroll,Aston Martin,14.0,12.0,20.0,56.18543046357616,1001.2258278145694,2023,British Grand Prix
24,Guanyu Zhou,Alfa Romeo,15.0,18.0,20.0,56.18543046357616,1001.2258278145694,2023,British Grand Prix
22,Yuki Tsunoda,AlphaTauri,16.0,17.0,20.0,56.18543046357616,1001.2258278145694,2023,British Grand Prix
21,Nyck De Vries,AlphaTauri,17.0,19.0,20.0,56.18543046357616,1001.2258278145694,2023,British Grand Prix
10,Pierre Gasly,Alpine,18.0,10.0,20.0,56.18543046357616,1001.2258278145694,2023,British Grand Prix
20,Kevin Magnussen,Haas F1 Team,19.0,20.0,20.0,56.18543046357616,1001.2258278145694,2023,British Grand Prix
31,Esteban Ocon,Alpine,20.0,13.0,20.0,56.18543046357616,1001.2258278145694,2023,British Grand Prix
1,Max Verstappen,Red Bull Racing,1.0,2.0,20.0,32.80487804878049,988.4018292682924,2023,Hungarian Grand Prix
4,Lando Norris,McLaren,2.0,3.0,20.0,32.80487804878049,988.4018292682924,2023,Hungarian Grand Prix
11,Sergio Perez,Red Bull Racing,3.0,9.0,20.0,32.80487804878049,988.4018292682924,2023,Hungarian Grand Prix
44,Lewis Hamilton,Mercedes,4.0,1.0,20.0,32.80487804878049,988.4018292682924,2023,Hungarian Grand Prix
81,Oscar Piastri,McLaren,5.0,4.0,20.0,32.80487804878049,988.4018292682924,2023,Hungarian Grand Prix
63,George Russell,Mercedes,6.0,18.0,20.0,32.80487804878049,988.4018292682924,2023,Hungarian Grand Prix
16,Charles Leclerc,Ferrari,7.0,6.0,20.0,32.80487804878049,988.4018292682924,2023,Hungarian Grand Prix
55,Carlos Sainz,Ferrari,8.0,11.0,20.0,32.80487804878049,988.4018292682924,2023,Hungarian Grand Prix
14,Fernando Alonso,Aston Martin,9.0,8.0,20.0,32.80487804878049,988.4018292682924,2023,Hungarian Grand Prix
18,Lance Stroll,Aston Martin,10.0,14.0,20.0,32.80487804878049,988.4018292682924,2023,Hungarian Grand Prix
23,Alexander Albon,Williams,11.0,16.0,20.0,32.80487804878049,988.4018292682924,2023,Hungarian Grand Prix
77,Valtteri Bottas,Alfa Romeo,12.0,7.0,20.0,32.80487804878049,988.4018292682924,2023,Hungarian Grand Prix
3,Daniel Ricciardo,AlphaTauri,13.0,13.0,20.0,32.80487804878049,988.4018292682924,2023,Hungarian Grand Prix
27,Nico Hulkenberg,Haas F1 Team,14.0,10.0,20.0,32.80487804878049,988.4018292682924,2023,Hungarian Grand Prix
22,Yuki Tsunoda,AlphaTauri,15.0,17.0,20.0,32.80487804878049,988.4018292682924,2023,Hungarian Grand Prix
24,Guanyu Zhou,Alfa Romeo,16.0,5.0,20.0,32.80487804878049,988.4018292682924,2023,Hungarian Grand Prix
20,Kevin Magnussen,Haas F1 Team,17.0,19.0,20.0,32.80487804878049,988.4018292682924,2023,Hungarian Grand Prix
2,Logan Sargeant,Williams,18.0,20.0,20.0,32.80487804878049,988.4018292682924,2023,Hungarian Grand Prix
31,Esteban Ocon,Alpine,19.0,12.0,20.0,32.80487804878049,988.4018292682924,2023,Hungarian Grand Prix
10,Pierre Gasly,Alpine,20.0,15.0,20.0,32.80487804878049,988.4018292682924,2023,Hungarian Grand Prix
1,Max Verstappen,Red Bull Racing,1.0,1.0,20.0,61.92666666666667,966.6273333333331,2023,Belgian Grand Prix
11,Sergio Perez,Red Bull Racing,2.0,3.0,20.0,61.92666666666667,966.6273333333331,2023,Belgian Grand Prix
16,Charles Leclerc,Ferrari,3.0,2.0,20.0,61.92666666666667,966.6273333333331,2023,Belgian Grand Prix
44,Lewis Hamilton,Mercedes,4.0,4.0,20.0,61.92666666666667,966.6273333333331,2023,Belgian Grand Prix
14,Fernando Alonso,Aston Martin,5.0,9.0,20.0,61.92666666666667,966.6273333333331,2023,Belgian Grand Prix
63,George Russell,Mercedes,6.0,8.0,20.0,61.92666666666667,966.6273333333331,2023,Belgian Grand Prix
4,Lando Norris,McLaren,7.0,7.0,20.0,61.92666666666667,966.6273333333331,2023,Belgian Grand Prix
31,Esteban Ocon,Alpine,8.0,15.0,20.0,61.92666666666667,966.6273333333331,2023,Belgian Grand Prix
18,Lance Stroll,Aston Martin,9.0,10.0,20.0,61.92666666666667,966.6273333333331,2023,Belgian Grand Prix
22,Yuki Tsunoda,AlphaTauri,10.0,11.0,20.0,61.92666666666667,966.6273333333331,2023,Belgian Grand Prix
10,Pierre Gasly,Alpine,11.0,12.0,20.0,61.92666666666667,966.6273333333331,2023,Belgian Grand Prix
77,Valtteri Bottas,Alfa Romeo,12.0,14.0,20.0,61.92666666666667,966.6273333333331,2023,Belgian Grand Prix
24,Guanyu Zhou,Alfa Romeo,13.0,17.0,20.0,61.92666666666667,966.6273333333331,2023,Belgian Grand Prix
23,Alexander Albon,Williams,14.0,16.0,20.0,61.92666666666667,966.6273333333331,2023,Belgian Grand Prix
20,Kevin Magnussen,Haas F1 Team,15.0,13.0,20.0,61.92666666666667,966.6273333333331,2023,Belgian Grand Prix
3,Daniel Ricciardo,AlphaTauri,16.0,19.0,20.0,61.92666666666667,966.6273333333331,2023,Belgian Grand Prix
2,Logan Sargeant,Williams,17.0,18.0,20.0,61.92666666666667,966.6273333333331,2023,Belgian Grand Prix
27,Nico Hulkenberg,Haas F1 Team,18.0,20.0,20.0,61.92666666666667,966.6273333333331,2023,Belgian Grand Prix
55,Carlos Sainz,Ferrari,19.0,5.0,20.0,61.92666666666667,966.6273333333331,2023,Belgian Grand Prix
81,Oscar Piastri,McLaren,20.0,6.0,20.0,61.92666666666667,966.6273333333331,2023,Belgian Grand Prix
1,Max Verstappen,Red Bull Racing,1.0,1.0,20.0,70.77511961722487,1007.8244019138757,2023,Dutch Grand Prix
14,Fernando Alonso,Aston Martin,2.0,5.0,20.0,70.77511961722487,1007.8244019138757,2023,Dutch Grand Prix
10,Pierre Gasly,Alpine,3.0,12.0,20.0,70.77511961722487,1007.8244019138757,2023,Dutch Grand Prix
11,Sergio Perez,Red Bull Racing,4.0,7.0,20.0,70.77511961722487,1007.8244019138757,2023,Dutch Grand Prix
55,Carlos Sainz,Ferrari,5.0,6.0,20.0,70.77511961722487,1007.8244019138757,2023,Dutch Grand Prix
44,Lewis Hamilton,Mercedes,6.0,13.0,20.0,70.77511961722487,1007.8244019138757,2023,Dutch Grand Prix
4,Lando Norris,McLaren,7.0,2.0,20.0,70.77511961722487,1007.8244019138757,2023,Dutch Grand Prix
23,Alexander Albon,Williams,8.0,4.0,20.0,70.77511961722487,1007.8244019138757,2023,Dutch Grand Prix
81,Oscar Piastri,McLaren,9.0,8.0,20.0,70.77511961722487,1007.8244019138757,2023,Dutch Grand Prix
31,Esteban Ocon,Alpine,10.0,17.0,20.0,70.77511961722487,1007.8244019138757,2023,Dutch Grand Prix
18,Lance Stroll,Aston Martin,11.0,11.0,20.0,70.77511961722487,1007.8244019138757,2023,Dutch Grand Prix
27,Nico Hulkenberg,Haas F1 Team,12.0,15.0,20.0,70.77511961722487,1007.8244019138757,2023,Dutch Grand Prix
40,Liam Lawson,AlphaTauri,13.0,20.0,20.0,70.77511961722487,1007.8244019138757,2023,Dutch Grand Prix
77,Valtteri Bottas,Alfa Romeo,14.0,19.0,20.0,70.77511961722487,1007.8244019138757,2023,Dutch Grand Prix
22,Yuki Tsunoda,AlphaTauri,15.0,14.0,20.0,70.77511961722487,1007.8244019138757,2023,Dutch Grand Prix
20,Kevin Magnussen,Haas F1 Team,16.0,18.0,20.0,70.77511961722487,1007.8244019138757,2023,Dutch Grand Prix
63,George Russell,Mercedes,17.0,3.0,20.0,70.77511961722487,1007.8244019138757,2023,Dutch Grand Prix
24,Guanyu Zhou,Alfa Romeo,18.0,16.0,20.0,70.77511961722487,1007.8244019138757,2023,Dutch Grand Prix
16,Charles Leclerc,Ferrari,19.0,9.0,20.0,70.77511961722487,1007.8244019138757,2023,Dutch Grand Prix
2,Logan Sargeant,Williams,20.0,10.0,20.0,70.77511961722487,1007.8244019138757,2023,Dutch Grand Prix
1,Max Verstappen,Red Bull Racing,1.0,2.0,20.0,42.32051282051282,1000.5615384615385,2023,Italian Grand Prix
11,Sergio Perez,Red Bull Racing,2.0,5.0,20.0,42.32051282051282,1000.5615384615385,2023,Italian Grand Prix
55,Carlos Sainz,Ferrari,3.0,1.0,20.0,42.32051282051282,1000.5615384615385,2023,Italian Grand Prix
16,Charles Leclerc,Ferrari,4.0,3.0,20.0,42.32051282051282,1000.5615384615385,2023,Italian Grand Prix
63,George Russell,Mercedes,5.0,4.0,20.0,42.32051282051282,1000.5615384615385,2023,Italian Grand Prix
44,Lewis Hamilton,Mercedes,6.0,8.0,20.0,42.32051282051282,1000.5615384615385,2023,Italian Grand Prix
23,Alexander Albon,Williams,7.0,6.0,20.0,42.32051282051282,1000.5615384615385,2023,Italian Grand Prix
4,Lando Norris,McLaren,8.0,9.0,20.0,42.32051282051282,1000.5615384615385,2023,Italian Grand Prix
14,Fernando Alonso,Aston Martin,9.0,10.0,20.0,42.32051282051282,1000.5615384615385,2023,Italian Grand Prix
77,Valtteri Bottas,Alfa Romeo,10.0,14.0,20.0,42.32051282051282,1000.5615384615385,2023,Italian Grand Prix
40,Liam Lawson,AlphaTauri,11.0,12.0,20.0,42.32051282051282,1000.5615384615385,2023,Italian Grand Prix
81,Oscar Piastri,McLaren,12.0,7.0,20.0,42.32051282051282,1000.5615384615385,2023,Italian Grand Prix
2,Logan Sargeant,Williams,13.0,15.0,20.0,42.32051282051282,1000.5615384615385,2023,Italian Grand Prix
24,Guanyu Zhou,Alfa Romeo,14.0,16.0,20.0,42.32051282051282,1000.5615384615385,2023,Italian Grand Prix
10,Pierre Gasly,Alpine,15.0,17.0,20.0,42.32051282051282,1000.5615384615385,2023,Italian Grand Prix
18,Lance Stroll,Aston Martin,16.0,20.0,20.0,42.32051282051282,1000.5615384615385,2023,Italian Grand Prix
27,Nico Hulkenberg,Haas F1 Team,17.0,13.0,20.0,42.32051282051282,1000.5615384615385,2023,Italian Grand Prix
20,Kevin Magnussen,Haas F1 Team,18.0,19.0,20.0,42.32051282051282,1000.5615384615385,2023,Italian Grand Prix
31,Esteban Ocon,Alpine,19.0,18.0,20.0,42.32051282051282,1000.5615384615385,2023,Italian Grand Prix
22,Yuki Tsunoda,AlphaTauri,20.0,11.0,20.0,42.32051282051282,1000.5615384615385,2023,Italian Grand Prix
55,Carlos Sainz,Ferrari,1.0,1.0,20.0,72.0284090909091,1008.9784090909092,2023,Singapore Grand Prix
4,Lando Norris,McLaren,2.0,4.0,20.0,72.0284090909091,1008.9784090909092,2023,Singapore Grand Prix
44,Lewis Hamilton,Mercedes,3.0,5.0,20.0,72.0284090909091,1008.9784090909092,2023,Singapore Grand Prix
16,Charles Leclerc,Ferrari,4.0,3.0,20.0,72.0284090909091,1008.9784090909092,2023,Singapore Grand Prix
1,Max Verstappen,Red Bull Racing,5.0,11.0,20.0,72.0284090909091,1008.9784090909092,2023,Singapore Grand Prix
10,Pierre Gasly,Alpine,6.0,12.0,20.0,72.0284090909091,1008.9784090909092,2023,Singapore Grand Prix
81,Oscar Piastri,McLaren,7.0,17.0,20.0,72.0284090909091,1008.9784090909092,2023,Singapore Grand Prix
11,Sergio Perez,Red Bull Racing,8.0,13.0,20.0,72.0284090909091,1008.9784090909092,2023,Singapore Grand Prix
40,Liam Lawson,AlphaTauri,9.0,10.0,20.0,72.0284090909091,1008.9784090909092,2023,Singapore Grand Prix
20,Kevin Magnussen,Haas F1 Team,10.0,6.0,20.0,72.0284090909091,1008.9784090909092,2023,Singapore Grand Prix
23,Alexander Albon,Williams,11.0,14.0,20.0,72.0284090909091,1008.9784090909092,2023,Singapore Grand Prix
24,Guanyu Zhou,Alfa Romeo,12.0,19.0,20.0,72.0284090909091,1008.9784090909092,2023,Singapore Grand Prix
27,Nico Hulkenberg,Haas F1 Team,13.0,9.0,20.0,72.0284090909091,1008.9784090909092,2023,Singapore Grand Prix
2,Logan Sargeant,Williams,14.0,18.0,20.0,72.0284090909091,1008.9784090909092,2023,Singapore Grand Prix
14,Fernando Alonso,Aston Martin,15.0,7.0,20.0,72.0284090909091,1008.9784090909092,2023,Singapore Grand Prix
63,George Russell,Mercedes,16.0,2.0,20.0,72.0284090909091,1008.9784090909092,2023,Singapore Grand Prix
77,Valtteri Bottas,Alfa Romeo,17.0,16.0,20.0,72.0284090909091,1008.9784090909092,2023,Singapore Grand Prix
31,Esteban Ocon,Alpine,18.0,8.0,20.0,72.0284090909091,1008.9784090909092,2023,Singapore Grand Prix
22,Yuki Tsunoda,AlphaTauri,19.0,15.0,20.0,72.0284090909091,1008.9784090909092,2023,Singapore Grand Prix
18,Lance Stroll,Aston Martin,,20.0,20.0,72.0284090909091,1008.9784090909092,2023,Singapore Grand Prix
1,Max Verstappen,Red Bull Racing,1.0,1.0,20.0,42.31645569620253,1012.9335443037971,2023,Japanese Grand Prix
4,Lando Norris,McLaren,2.0,3.0,20.0,42.31645569620253,1012.9335443037971,2023,Japanese Grand Prix
81,Oscar Piastri,McLaren,3.0,2.0,20.0,42.31645569620253,1012.9335443037971,2023,Japanese Grand Prix
16,Charles Leclerc,Ferrari,4.0,4.0,20.0,42.31645569620253,1012.9335443037971,2023,Japanese Grand Prix
44,Lewis Hamilton,Mercedes,5.0,7.0,20.0,42.31645569620253,1012.9335443037971,2023,Japanese Grand Prix
55,Carlos Sainz,Ferrari,6.0,6.0,20.0,42.31645569620253,1012.9335443037971,2023,Japanese Grand Prix
63,George Russell,Mercedes,7.0,8.0,20.0,42.31645569620253,1012.9335443037971,2023,Japanese Grand Prix
14,Fernando Alonso,Aston Martin,8.0,10.0,20.0,42.31645569620253,1012.9335443037971,2023,Japanese Grand Prix
31,Esteban Ocon,Alpine,9.0,14.0,20.0,42.31645569620253,1012.9335443037971,2023,Japanese Grand Prix
10,Pierre Gasly,Alpine,10.0,12.0,20.0,42.31645569620253,1012.9335443037971,2023,Japanese Grand Prix
40,Liam Lawson,AlphaTauri,11.0,11.0,20.0,42.31645569620253,1012.9335443037971,2023,Japanese Grand Prix
22,Yuki Tsunoda,AlphaTauri,12.0,9.0,20.0,42.31645569620253,1012.9335443037971,2023,Japanese Grand Prix
24,Guanyu Zhou,Alfa Romeo,13.0,19.0,20.0,42.31645569620253,1012.9335443037971,2023,Japanese Grand Prix
27,Nico Hulkenberg,Haas F1 Team,14.0,18.0,20.0,42.31645569620253,1012.9335443037971,2023,Japanese Grand Prix
20,Kevin Magnussen,Haas F1 Team,15.0,15.0,20.0,42.31645569620253,1012.9335443037971,2023,Japanese Grand Prix
23,Alexander Albon,Williams,16.0,13.0,20.0,42.31645569620253,1012.9335443037971,2023,Japanese Grand Prix
2,Logan Sargeant,Williams,17.0,20.0,20.0,42.31645569620253,1012.9335443037971,2023,Japanese Grand Prix
18,Lance Stroll,Aston Martin,18.0,17.0,20.0,42.31645569620253,1012.9335443037971,2023,Japanese Grand Prix
11,Sergio Perez,Red Bull Racing,19.0,5.0,20.0,42.31645569620253,1012.9335443037971,2023,Japanese Grand Prix
77,Valtteri Bottas,Alfa Romeo,20.0,16.0,20.0,42.31645569620253,1012.9335443037971,2023,Japanese Grand Prix
1,Max Verstappen,Red Bull Racing,1.0,1.0,20.0,73.15723270440252,1009.7748427672954,2023,Qatar Grand Prix
81,Oscar Piastri,McLaren,2.0,6.0,20.0,73.15723270440252,1009.7748427672954,2023,Qatar Grand Prix
4,Lando Norris,McLaren,3.0,10.0,20.0,73.15723270440252,1009.7748427672954,2023,Qatar Grand Prix
63,George Russell,Mercedes,4.0,2.0,20.0,73.15723270440252,1009.7748427672954,2023,Qatar Grand Prix
16,Charles Leclerc,Ferrari,5.0,5.0,20.0,73.15723270440252,1009.7748427672954,2023,Qatar Grand Prix
14,Fernando Alonso,Aston Martin,6.0,4.0,20.0,73.15723270440252,1009.7748427672954,2023,Qatar Grand Prix
31,Esteban Ocon,Alpine,7.0,8.0,20.0,73.15723270440252,1009.7748427672954,2023,Qatar Grand Prix
77,Valtteri Bottas,Alfa Romeo,8.0,9.0,20.0,73.15723270440252,1009.7748427672954,2023,Qatar Grand Prix
24,Guanyu Zhou,Alfa Romeo,9.0,20.0,20.0,73.15723270440252,1009.7748427672954,2023,Qatar Grand Prix
11,Sergio Perez,Red Bull Racing,10.0,13.0,20.0,73.15723270440252,1009.7748427672954,2023,Qatar Grand Prix
18,Lance Stroll,Aston Martin,11.0,17.0,20.0,73.15723270440252,1009.7748427672954,2023,Qatar Grand Prix
10,Pierre Gasly,Alpine,12.0,7.0,20.0,73.15723270440252,1009.7748427672954,2023,Qatar Grand Prix
23,Alexander Albon,Williams,13.0,14.0,20.0,73.15723270440252,1009.7748427672954,2023,Qatar Grand Prix
20,Kevin Magnussen,Haas F1 Team,14.0,19.0,20.0,73.15723270440252,1009.7748427672954,2023,Qatar Grand Prix
22,Yuki Tsunoda,AlphaTauri,15.0,11.0,20.0,73.15723270440252,1009.7748427672954,2023,Qatar Grand Prix
27,Nico Hulkenberg,Haas F1 Team,16.0,15.0,20.0,73.15723270440252,1009.7748427672954,2023,Qatar Grand Prix
40,Liam Lawson,AlphaTauri,17.0,18.0,20.0,73.15723270440252,1009.7748427672954,2023,Qatar Grand Prix
2,Logan Sargeant,Williams,18.0,16.0,20.0,73.15723270440252,1009.7748427672954,2023,Qatar Grand Prix
44,Lewis Hamilton,Mercedes,19.0,3.0,20.0,73.15723270440252,1009.7748427672954,2023,Qatar Grand Prix
55,Carlos Sainz,Ferrari,20.0,12.0,20.0,73.15723270440252,1009.7748427672954,2023,Qatar Grand Prix
1,Max Verstappen,Red Bull Racing,1.0,6.0,20.0,41.910714285714285,993.7309523809524,2023,United States Grand Prix
4,Lando Norris,McLaren,2.0,2.0,20.0,41.910714285714285,993.7309523809524,2023,United States Grand Prix
55,Carlos Sainz,Ferrari,3.0,4.0,20.0,41.910714285714285,993.7309523809524,2023,United States Grand Prix
11,Sergio Perez,Red Bull Racing,4.0,9.0,20.0,41.910714285714285,993.7309523809524,2023,United States Grand Prix
63,George Russell,Mercedes,5.0,5.0,20.0,41.910714285714285,993.7309523809524,2023,United States Grand Prix
10,Pierre Gasly,Alpine,6.0,7.0,20.0,41.910714285714285,993.7309523809524,2023,United States Grand Prix
18,Lance Stroll,Aston Martin,7.0,19.0,20.0,41.910714285714285,993.7309523809524,2023,United States Grand Prix
22,Yuki Tsunoda,AlphaTauri,8.0,11.0,20.0,41.910714285714285,993.7309523809524,2023,United States Grand Prix
23,Alexander Albon,Williams,9.0,18.0,20.0,41.910714285714285,993.7309523809524,2023,United States Grand Prix
2,Logan Sargeant,Williams,10.0,20.0,20.0,41.910714285714285,993.7309523809524,2023,United States Grand Prix
27,Nico Hulkenberg,Haas F1 Team,11.0,16.0,20.0,41.910714285714285,993.7309523809524,2023,United States Grand Prix
77,Valtteri Bottas,Alfa Romeo,12.0,13.0,20.0,41.910714285714285,993.7309523809524,2023,United States Grand Prix
24,Guanyu Zhou,Alfa Romeo,13.0,12.0,20.0,41.910714285714285,993.7309523809524,2023,United States Grand Prix
20,Kevin Magnussen,Haas F1 Team,14.0,14.0,20.0,41.910714285714285,993.7309523809524,2023,United States Grand Prix
3,Daniel Ricciardo,AlphaTauri,15.0,15.0,20.0,41.910714285714285,993.7309523809524,2023,United States Grand Prix
14,Fernando Alonso,Aston Martin,16.0,17.0,20.0,41.910714285714285,993.7309523809524,2023,United States Grand Prix
81,Oscar Piastri,McLaren,17.0,10.0,20.0,41.910714285714285,993.7309523809524,2023,United States Grand Prix
31,Esteban Ocon,Alpine,18.0,8.0,20.0,41.910714285714285,993.7309523809524,2023,United States Grand Prix
44,Lewis Hamilton,Mercedes,19.0,3.0,20.0,41.910714285714285,993.7309523809524,2023,United States Grand Prix
16,Charles Leclerc,Ferrari,20.0,1.0,20.0,41.910714285714285,993.7309523809524,2023,United States Grand Prix
1,Max Verstappen,Red Bull Racing,1.0,3.0,20.0,23.55263157894737,779.5205263157894,2023,Mexico City Grand Prix
44,Lewis Hamilton,Mercedes,2.0,6.0,20.0,23.55263157894737,779.5205263157894,2023,Mexico City Grand Prix
16,Charles Leclerc,Ferrari,3.0,1.0,20.0,23.55263157894737,779.5205263157894,2023,Mexico City Grand Prix
55,Carlos Sainz,Ferrari,4.0,2.0,20.0,23.55263157894737,779.5205263157894,2023,Mexico City Grand Prix
4,Lando Norris,McLaren,5.0,19.0,20.0,23.55263157894737,779.5205263157894,2023,Mexico City Grand Prix
63,George Russell,Mercedes,6.0,8.0,20.0,23.55263157894737,779.5205263157894,2023,Mexico City Grand Prix
3,Daniel Ricciardo,AlphaTauri,7.0,4.0,20.0,23.55263157894737,779.5205263157894,2023,Mexico City Grand Prix
81,Oscar Piastri,McLaren,8.0,7.0,20.0,23.55263157894737,779.5205263157894,2023,Mexico City Grand Prix
23,Alexander Albon,Williams,9.0,14.0,20.0,23.55263157894737,779.5205263157894,2023,Mexico City Grand Prix
31,Esteban Ocon,Alpine,10.0,16.0,20.0,23.55263157894737,779.5205263157894,2023,Mexico City Grand Prix
10,Pierre Gasly,Alpine,11.0,11.0,20.0,23.55263157894737,779.5205263157894,2023,Mexico City Grand Prix
22,Yuki Tsunoda,AlphaTauri,12.0,15.0,20.0,23.55263157894737,779.5205263157894,2023,Mexico City Grand Prix
27,Nico Hulkenberg,Haas F1 Team,13.0,12.0,20.0,23.55263157894737,779.5205263157894,2023,Mexico City Grand Prix
24,Guanyu Zhou,Alfa Romeo,14.0,10.0,20.0,23.55263157894737,779.5205263157894,2023,Mexico City Grand Prix
77,Valtteri Bottas,Alfa Romeo,15.0,9.0,20.0,23.55263157894737,779.5205263157894,2023,Mexico City Grand Prix
2,Logan Sargeant,Williams,16.0,20.0,20.0,23.55263157894737,779.5205263157894,2023,Mexico City Grand Prix
18,Lance Stroll,Aston Martin,17.0,18.0,20.0,23.55263157894737,779.5205263157894,2023,Mexico City Grand Prix
14,Fernando Alonso,Aston Martin,18.0,13.0,20.0,23.55263157894737,779.5205263157894,2023,Mexico City Grand Prix
20,Kevin Magnussen,Haas F1 Team,19.0,17.0,20.0,23.55263157894737,779.5205263157894,2023,Mexico City Grand Prix
11,Sergio Perez,Red Bull Racing,20.0,5.0,20.0,23.55263157894737,779.5205263157894,2023,Mexico City Grand Prix
1,Max Verstappen,Red Bull Racing,1.0,1.0,20.0,58.17486338797814,927.9005464480873,2023,São Paulo Grand Prix
4,Lando Norris,McLaren,2.0,7.0,20.0,58.17486338797814,927.9005464480873,2023,São Paulo Grand Prix
14,Fernando Alonso,Aston Martin,3.0,4.0,20.0,58.17486338797814,927.9005464480873,2023,São Paulo Grand Prix
11,Sergio Perez,Red Bull Racing,4.0,9.0,20.0,58.17486338797814,927.9005464480873,2023,São Paulo Grand Prix
18,Lance Stroll,Aston Martin,5.0,3.0,20.0,58.17486338797814,927.9005464480873,2023,São Paulo Grand Prix
55,Carlos Sainz,Ferrari,6.0,8.0,20.0,58.17486338797814,927.9005464480873,2023,São Paulo Grand Prix
10,Pierre Gasly,Alpine,7.0,13.0,20.0,58.17486338797814,927.9005464480873,2023,São Paulo Grand Prix
44,Lewis Hamilton,Mercedes,8.0,5.0,20.0,58.17486338797814,927.9005464480873,2023,São Paulo Grand Prix
22,Yuki Tsunoda,AlphaTauri,9.0,16.0,20.0,58.17486338797814,927.9005464480873,2023,São Paulo Grand Prix
31,Esteban Ocon,Alpine,10.0,12.0,20.0,58.17486338797814,927.9005464480873,2023,São Paulo Grand Prix
2,Logan Sargeant,Williams,11.0,19.0,20.0,58.17486338797814,927.9005464480873,2023,São Paulo Grand Prix
27,Nico Hulkenberg,Haas F1 Team,12.0,11.0,20.0,58.17486338797814,927.9005464480873,2023,São Paulo Grand Prix
3,Daniel Ricciardo,AlphaTauri,13.0,17.0,20.0,58.17486338797814,927.9005464480873,2023,São Paulo Grand Prix
81,Oscar Piastri,McLaren,14.0,10.0,20.0,58.17486338797814,927.9005464480873,2023,São Paulo Grand Prix
63,George Russell,Mercedes,15.0,6.0,20.0,58.17486338797814,927.9005464480873,2023,São Paulo Grand Prix
77,Valtteri Bottas,Alfa Romeo,16.0,18.0,20.0,58.17486338797814,927.9005464480873,2023,São Paulo Grand Prix
24,Guanyu Zhou,Alfa Romeo,17.0,20.0,20.0,58.17486338797814,927.9005464480873,2023,São Paulo Grand Prix
20,Kevin Magnussen,Haas F1 Team,18.0,14.0,20.0,58.17486338797814,927.9005464480873,2023,São Paulo Grand Prix
23,Alexander Albon,Williams,19.0,15.0,20.0,58.17486338797814,927.9005464480873,2023,São Paulo Grand Prix
16,Charles Leclerc,Ferrari,20.0,2.0,20.0,58.17486338797814,927.9005464480873,2023,São Paulo Grand Prix
1,Max Verstappen,Red Bull Racing,1.0,3.0,20.0,47.361111111111114,939.7814814814813,2023,Las Vegas Grand Prix
16,Charles Leclerc,Ferrari,2.0,1.0,20.0,47.361111111111114,939.7814814814813,2023,Las Vegas Grand Prix
11,Sergio Perez,Red Bull Racing,3.0,12.0,20.0,47.361111111111114,939.7814814814813,2023,Las Vegas Grand Prix
31,Esteban Ocon,Alpine,4.0,17.0,20.0,47.361111111111114,939.7814814814813,2023,Las Vegas Grand Prix
18,Lance Stroll,Aston Martin,5.0,14.0,20.0,47.361111111111114,939.7814814814813,2023,Las Vegas Grand Prix
55,Carlos Sainz,Ferrari,6.0,2.0,20.0,47.361111111111114,939.7814814814813,2023,Las Vegas Grand Prix
44,Lewis Hamilton,Mercedes,7.0,11.0,20.0,47.361111111111114,939.7814814814813,2023,Las Vegas Grand Prix
63,George Russell,Mercedes,8.0,4.0,20.0,47.361111111111114,939.7814814814813,2023,Las Vegas Grand Prix
14,Fernando Alonso,Aston Martin,9.0,10.0,20.0,47.361111111111114,939.7814814814813,2023,Las Vegas Grand Prix
81,Oscar Piastri,McLaren,10.0,19.0,20.0,47.361111111111114,939.7814814814813,2023,Las Vegas Grand Prix
10,Pierre Gasly,Alpine,11.0,5.0,20.0,47.361111111111114,939.7814814814813,2023,Las Vegas Grand Prix
23,Alexander Albon,Williams,12.0,6.0,20.0,47.361111111111114,939.7814814814813,2023,Las Vegas Grand Prix
20,Kevin Magnussen,Haas F1 Team,13.0,9.0,20.0,47.361111111111114,939.7814814814813,2023,Las Vegas Grand Prix
3,Daniel Ricciardo,AlphaTauri,14.0,15.0,20.0,47.361111111111114,939.7814814814813,2023,Las Vegas Grand Prix
24,Guanyu Zhou,Alfa Romeo,15.0,18.0,20.0,47.361111111111114,939.7814814814813,2023,Las Vegas Grand Prix
2,Logan Sargeant,Williams,16.0,7.0,20.0,47.361111111111114,939.7814814814813,2023,Las Vegas Grand Prix
77,Valtteri Bottas,Alfa Romeo,17.0,8.0,20.0,47.361111111111114,939.7814814814813,2023,Las Vegas Grand Prix
22,Yuki Tsunoda,AlphaTauri,18.0,20.0,20.0,47.361111111111114,939.7814814814813,2023,Las Vegas Grand Prix
27,Nico Hulkenberg,Haas F1 Team,19.0,13.0,20.0,47.361111111111114,939.7814814814813,2023,Las Vegas Grand Prix
4,Lando Norris,McLaren,20.0,16.0,20.0,47.361111111111114,939.7814814814813,2023,Las Vegas Grand Prix
1,Max Verstappen,Red Bull Racing,1.0,1.0,20.0,51.0,1014.9275641025638,2023,Abu Dhabi Grand Prix
16,Charles Leclerc,Ferrari,2.0,2.0,20.0,51.0,1014.9275641025638,2023,Abu Dhabi Grand Prix
63,George Russell,Mercedes,3.0,4.0,20.0,51.0,1014.9275641025638,2023,Abu Dhabi Grand Prix
11,Sergio Perez,Red Bull Racing,4.0,9.0,20.0,51.0,1014.9275641025638,2023,Abu Dhabi Grand Prix
4,Lando Norris,McLaren,5.0,5.0,20.0,51.0,1014.9275641025638,2023,Abu Dhabi Grand Prix
81,Oscar Piastri,McLaren,6.0,3.0,20.0,51.0,1014.9275641025638,2023,Abu Dhabi Grand Prix
14,Fernando Alonso,Aston Martin,7.0,7.0,20.0,51.0,1014.9275641025638,2023,Abu Dhabi Grand Prix
22,Yuki Tsunoda,AlphaTauri,8.0,6.0,20.0,51.0,1014.9275641025638,2023,Abu Dhabi Grand Prix
44,Lewis Hamilton,Mercedes,9.0,11.0,20.0,51.0,1014.9275641025638,2023,Abu Dhabi Grand Prix
18,Lance Stroll,Aston Martin,10.0,13.0,20.0,51.0,1014.9275641025638,2023,Abu Dhabi Grand Prix
3,Daniel Ricciardo,AlphaTauri,11.0,15.0,20.0,51.0,1014.9275641025638,2023,Abu Dhabi Grand Prix
31,Esteban Ocon,Alpine,12.0,12.0,20.0,51.0,1014.9275641025638,2023,Abu Dhabi Grand Prix
10,Pierre Gasly,Alpine,13.0,10.0,20.0,51.0,1014.9275641025638,2023,Abu Dhabi Grand Prix
23,Alexander Albon,Williams,14.0,14.0,20.0,51.0,1014.9275641025638,2023,Abu Dhabi Grand Prix
27,Nico Hulkenberg,Haas F1 Team,15.0,8.0,20.0,51.0,1014.9275641025638,2023,Abu Dhabi Grand Prix
2,Logan Sargeant,Williams,16.0,20.0,20.0,51.0,1014.9275641025638,2023,Abu Dhabi Grand Prix
24,Guanyu Zhou,Alfa Romeo,17.0,19.0,20.0,51.0,1014.9275641025638,2023,Abu Dhabi Grand Prix
55,Carlos Sainz,Ferrari,18.0,16.0,20.0,51.0,1014.9275641025638,2023,Abu Dhabi Grand Prix
77,Valtteri Bottas,Alfa Romeo,19.0,18.0,20.0,51.0,1014.9275641025638,2023,Abu Dhabi Grand Prix
20,Kevin Magnussen,Haas F1 Team,20.0,17.0,20.0,51.0,1014.9275641025638,2023,Abu Dhabi Grand Prix
